-- MySQL dump 10.13  Distrib 5.6.23, for osx10.8 (x86_64)
--
-- Host: localhost    Database: admissions_impossible
-- ------------------------------------------------------
-- Server version	5.6.23

/*!40101 SET @OLD_CHARACTER_SET_CLIENT=@@CHARACTER_SET_CLIENT */;
/*!40101 SET @OLD_CHARACTER_SET_RESULTS=@@CHARACTER_SET_RESULTS */;
/*!40101 SET @OLD_COLLATION_CONNECTION=@@COLLATION_CONNECTION */;
/*!40101 SET NAMES utf8 */;
/*!40103 SET @OLD_TIME_ZONE=@@TIME_ZONE */;
/*!40103 SET TIME_ZONE='+00:00' */;
/*!40014 SET @OLD_UNIQUE_CHECKS=@@UNIQUE_CHECKS, UNIQUE_CHECKS=0 */;
/*!40014 SET @OLD_FOREIGN_KEY_CHECKS=@@FOREIGN_KEY_CHECKS, FOREIGN_KEY_CHECKS=0 */;
/*!40101 SET @OLD_SQL_MODE=@@SQL_MODE, SQL_MODE='NO_AUTO_VALUE_ON_ZERO' */;
/*!40111 SET @OLD_SQL_NOTES=@@SQL_NOTES, SQL_NOTES=0 */;

--
-- Table structure for table `admin`
--

DROP TABLE IF EXISTS `admin`;
/*!40101 SET @saved_cs_client     = @@character_set_client */;
/*!40101 SET character_set_client = utf8 */;
CREATE TABLE `admin` (
  `aId` int(11) NOT NULL AUTO_INCREMENT,
  `email` varchar(255) DEFAULT NULL,
  `first_name` varchar(255) DEFAULT NULL,
  `last_name` varchar(255) DEFAULT NULL,
  PRIMARY KEY (`aId`),
  KEY `email` (`email`),
  CONSTRAINT `admin_ibfk_1` FOREIGN KEY (`email`) REFERENCES `users` (`email`)
) ENGINE=InnoDB AUTO_INCREMENT=2 DEFAULT CHARSET=latin1;
/*!40101 SET character_set_client = @saved_cs_client */;

--
-- Dumping data for table `admin`
--

LOCK TABLES `admin` WRITE;
/*!40000 ALTER TABLE `admin` DISABLE KEYS */;
INSERT INTO `admin` VALUES (1,'admin@marist.edu','admin','admin');
/*!40000 ALTER TABLE `admin` ENABLE KEYS */;
UNLOCK TABLES;

--
-- Table structure for table `guests`
--

DROP TABLE IF EXISTS `guests`;
/*!40101 SET @saved_cs_client     = @@character_set_client */;
/*!40101 SET character_set_client = utf8 */;
CREATE TABLE `guests` (
  `gId` int(11) NOT NULL AUTO_INCREMENT,
  `email` varchar(255) DEFAULT NULL,
  `school_id` int(11) DEFAULT NULL,
  `state_id` int(11) DEFAULT NULL,
  PRIMARY KEY (`gId`),
  KEY `email` (`email`),
  KEY `school_id` (`school_id`),
  KEY `state_id` (`state_id`),
  CONSTRAINT `guests_ibfk_1` FOREIGN KEY (`email`) REFERENCES `users` (`email`),
  CONSTRAINT `guests_ibfk_2` FOREIGN KEY (`school_id`) REFERENCES `schools` (`school_id`),
  CONSTRAINT `guests_ibfk_3` FOREIGN KEY (`state_id`) REFERENCES `states` (`stateId`)
) ENGINE=InnoDB DEFAULT CHARSET=latin1;
/*!40101 SET character_set_client = @saved_cs_client */;

--
-- Dumping data for table `guests`
--

LOCK TABLES `guests` WRITE;
/*!40000 ALTER TABLE `guests` DISABLE KEYS */;
/*!40000 ALTER TABLE `guests` ENABLE KEYS */;
UNLOCK TABLES;

--
-- Table structure for table `login_attempts`
--

DROP TABLE IF EXISTS `login_attempts`;
/*!40101 SET @saved_cs_client     = @@character_set_client */;
/*!40101 SET character_set_client = utf8 */;
CREATE TABLE `login_attempts` (
  `login_id` int(11) NOT NULL AUTO_INCREMENT,
  `email` varchar(255) DEFAULT NULL,
  `login_attempts` int(11) DEFAULT NULL,
  PRIMARY KEY (`login_id`),
  KEY `email` (`email`),
  CONSTRAINT `login_attempts_ibfk_1` FOREIGN KEY (`email`) REFERENCES `users` (`email`)
) ENGINE=InnoDB DEFAULT CHARSET=latin1;
/*!40101 SET character_set_client = @saved_cs_client */;

--
-- Dumping data for table `login_attempts`
--

LOCK TABLES `login_attempts` WRITE;
/*!40000 ALTER TABLE `login_attempts` DISABLE KEYS */;
/*!40000 ALTER TABLE `login_attempts` ENABLE KEYS */;
UNLOCK TABLES;

--
-- Table structure for table `major_courses`
--

DROP TABLE IF EXISTS `major_courses`;
/*!40101 SET @saved_cs_client     = @@character_set_client */;
/*!40101 SET character_set_client = utf8 */;
CREATE TABLE `major_courses` (
  `mc_id` int(11) NOT NULL AUTO_INCREMENT,
  `major_id` int(11) DEFAULT NULL,
  `course_id` int(11) DEFAULT NULL,
  PRIMARY KEY (`mc_id`),
  KEY `major_id` (`major_id`),
  KEY `course_id` (`course_id`),
  CONSTRAINT `major_courses_ibfk_1` FOREIGN KEY (`major_id`) REFERENCES `majors` (`major_id`),
  CONSTRAINT `major_courses_ibfk_2` FOREIGN KEY (`course_id`) REFERENCES `marist_courses` (`mId`)
) ENGINE=InnoDB AUTO_INCREMENT=23 DEFAULT CHARSET=latin1;
/*!40101 SET character_set_client = @saved_cs_client */;

--
-- Dumping data for table `major_courses`
--

LOCK TABLES `major_courses` WRITE;
/*!40000 ALTER TABLE `major_courses` DISABLE KEYS */;
INSERT INTO `major_courses` VALUES (1,1,0),(2,1,237),(3,1,331),(4,1,339),(5,1,340),(6,1,366),(7,1,367),(8,1,368),(9,1,369),(10,1,370),(11,1,371),(12,1,372),(13,1,373),(14,1,374),(15,1,375),(16,1,376),(17,1,377),(18,1,378),(19,1,224),(20,1,73),(21,1,239),(22,1,379);
/*!40000 ALTER TABLE `major_courses` ENABLE KEYS */;
UNLOCK TABLES;

--
-- Table structure for table `majors`
--

DROP TABLE IF EXISTS `majors`;
/*!40101 SET @saved_cs_client     = @@character_set_client */;
/*!40101 SET character_set_client = utf8 */;
CREATE TABLE `majors` (
  `major_id` int(11) NOT NULL AUTO_INCREMENT,
  `major_name` varchar(255) DEFAULT NULL,
  `credits` int(11) DEFAULT NULL,
  PRIMARY KEY (`major_id`)
) ENGINE=InnoDB AUTO_INCREMENT=5 DEFAULT CHARSET=latin1;
/*!40101 SET character_set_client = @saved_cs_client */;

--
-- Dumping data for table `majors`
--

LOCK TABLES `majors` WRITE;
/*!40000 ALTER TABLE `majors` DISABLE KEYS */;
INSERT INTO `majors` VALUES (1,'Computer Science',60),(2,'Core Requirements',36),(3,'Information Technology',60),(4,'Mathematics',90);
/*!40000 ALTER TABLE `majors` ENABLE KEYS */;
UNLOCK TABLES;

--
-- Table structure for table `marist_courses`
--

DROP TABLE IF EXISTS `marist_courses`;
/*!40101 SET @saved_cs_client     = @@character_set_client */;
/*!40101 SET character_set_client = utf8 */;
CREATE TABLE `marist_courses` (
  `mId` int(11) NOT NULL,
  `department` varchar(255) DEFAULT NULL,
  `course_num` varchar(255) DEFAULT NULL,
  `course_name` varchar(255) DEFAULT NULL,
  `active` int(11) DEFAULT NULL,
  PRIMARY KEY (`mId`)
) ENGINE=InnoDB DEFAULT CHARSET=latin1;
/*!40101 SET character_set_client = @saved_cs_client */;

--
-- Dumping data for table `marist_courses`
--

LOCK TABLES `marist_courses` WRITE;
/*!40000 ALTER TABLE `marist_courses` DISABLE KEYS */;
INSERT INTO `marist_courses` VALUES (0,'CMPT','221L','SOFTWARE DEVELOPMENT II',1),(1,'ART','201N','3D DESIGN',1),(2,'PSYC','202L','ABNORMAL PSYCHOLOGY',1),(3,'CSIS','154L','ACCESS',1),(4,'ACCT','900N','ACCOUNTING COURSE',1),(5,'ACCT','800N','ACCOUNTING ELECTIVE',1),(6,'ACCT','350N','ACCTING SYSTEMS',1),(7,'ENG','227L','ACTING I',1),(8,'ENG','241L','ACTING II',1),(9,'PSYC','321L','ADOL TO ADULT-AGIN',1),(10,'MUS','410N','ADV CLASS PIANO',1),(11,'ART','310N','ADV DRAWING I',1),(12,'ITAL','201L','ADV ITALIAN I',1),(13,'ITAL','202L','ADV ITALIAN II',1),(14,'FREN','312L','ADV READ-CONV I',1),(15,'FREN','313L','ADV READ-CONV II',1),(16,'SPAN','202L','ADV SPAN II',1),(17,'SPAN','201L','ADV SPANISH I',1),(18,'COM','393N','ADV TV PRODUCTION',1),(19,'ENG','218L','ADVANCED WRITING',1),(20,'ENG','240L','AM SHORT FIC',1),(21,'POSC','211L','AM STATE/URBAN PO',1),(22,'HIST','226L','AMER HIST I',1),(23,'HIST','227L','AMER HIST II',1),(24,'POSC','110L','AMER NATL GOVT',1),(25,'HIST','230L','AMERICAN FEMINISM',1),(26,'ENG','210L','AMERICAN LIT I',1),(27,'ENG','211L','AMERICAN LIT II',1),(28,'ANTH','901L','ANTHROPOLGY COURSE',1),(29,'ANTH','102L','ANTHROPOLOGY',1),(30,'ITS','321L','ARCH HARDWARE+SFTWR',1),(31,'IS','321L','ARCH-HARD-SOFTWAR',1),(32,'ANTH','120L','ARCHAEOLOGY',1),(33,'PHED','123N','ARCHERY',1),(34,'ART','902N','ART 100 LEV STUDIO',1),(35,'ART','901L','ART 100 LEVEL COURSE',1),(36,'ART','366L','ART 20TH CENTURY',1),(37,'ART','903N','ART COURSE',1),(38,'ART','800N','ART ELECTIVE',1),(39,'COM','286L','ART OF FILM',1),(40,'ART','801N','ART STUDIO ELECTIVE',1),(41,'ART','125L','ARTS - VALUES',1),(42,'ART','901N','ARTS 100 LEV STUDIO',1),(43,'ART','802N','ARTS STUDIO ELECT',1),(44,'COM','387N','AUDIO FOR MEDIA',1),(45,'COM','204L','AUGUMENT & DEBATE',1),(46,'ATHT','205L','BASIC CONCEPTS ANTHROPOLOGY',1),(47,'ART','110N','BASIC DRAWING',1),(48,'ART','111N','BASIC PAINTING',1),(49,'ART','145N','BASIC PHOTO',1),(50,'ART','207N','BASIC PRINTMAKING',1),(51,'ART','105N','BASIC SCULPTURE',1),(52,'PHED','105N','BEG CLASS BALLET',1),(53,'PHED','139N','BEG SWIM/NONSWIM',1),(54,'MUS','107N','BG PIANO I',1),(55,'MUS','108N','BG PIANO II',1),(56,'BIOL','900L','BIOLOGY COURSE',1),(57,'BIOL','800L','BIOLOGY ELECTIVE',1),(58,'BIOL','496N','BIOLOGY INTERN',1),(59,'BIOL','497N','BIOLOGY INTERN',1),(60,'BIOL','495N','BIOLOGY INTERN',1),(61,'HIST','234L','BLACK AMER EXP',1),(62,'BIOL','211L','BOTANY',1),(63,'MUS','231N','BRASS WIND ENSEMB',1),(64,'COM','285L','BROADCASTING',1),(65,'BUS','900N','BUSINESS COURSE',1),(66,'BUS','800N','BUSINESS ELECTIVE',1),(67,'BUS','380N','BUSINESS LAW I',1),(68,'PRLG','380N','BUSINESS LAW I',1),(69,'BUS','381N','BUSINESS LAW II',1),(70,'MATH','343L','CALC III',1),(71,'MATH','115L','CALC:MGMT APPLCTN',1),(72,'MATH','241L','CALCULUS I',1),(73,'MATH','221L','CALCULUS I',1),(74,'MATH','242L','CALCULUS II',1),(75,'MATH','222L','CALCULUS II',1),(76,'CRDV','801N','CAREER & LIFE PLANNING',1),(77,'BIOL','210L','CELLULAR BIOLOGY',1),(78,'CHEM','900L','CHEMISTRY COURSE',1),(79,'CHEM','800L','CHEMISTRY ELECTIVE',1),(80,'PSYC','317L','CHILD DEVELOPMENT',1),(81,'MUS','301N','CHORAL SING III',1),(82,'MUS','110N','CHORAL SINGING I',1),(83,'MUS','111N','CHORAL SINGING II',1),(84,'CIS','900L','CIS COURSE',1),(85,'CIS','800L','CIS ELECTIVE',1),(86,'PRLG','422N','CIV LITIGATION PRACT',1),(87,'ENG','270L','CLASSICS WEST LIT',1),(88,'LERN','105L','COLLEGE READING',1),(89,'ENG','116L','COLLEGE WRITING I',1),(90,'ENG','117L','COLLEGE WRITING II',1),(91,'COM','100L','COMMUNICATION PRINCIPLES',1),(92,'COM','900L','COMMUNICATIONS COURSE',1),(93,'COM','800L','COMMUNICATIONS ELECTIVE',1),(94,'COM','201L','COMMUNICATIONS/SOCIETY',1),(95,'POSC','252L','COMP POL EST EURO',1),(96,'CMSC','900L','COMPUTER SCIENCE COURSE',1),(97,'CMSC','800L','COMPUTER SCIENCE ELECTIVE',1),(98,'CMSC','120L','COMPUTER SCIENCE I',1),(99,'CMSC','121L','COMPUTER SCIIENCE II',1),(100,'IS','130L','COMPUTER STUDIES CONCENTRATION',1),(101,'CSIS','800L','COMPUTER STUDIES ELECTIVE',1),(102,'CMSC','110L','COMPUTING STUD SEM',1),(103,'PHED','124N','CONDITIONING',1),(104,'ENG','342L','CONT ENG-AM POET',1),(105,'CRJU','206N','CRIM & SCI INVEST',1),(106,'CRJU','301N','CRIM JUS ORG&ADM',1),(107,'CRJU','900L','CRIM JUST COURSE',1),(108,'CRJU','800L','CRIM JUST ELECTIVE',1),(109,'CRJU','496N','CRIM JUST INTERN I',1),(110,'CRJU','303L','CRIM PROC I:NYS PENAL CODE',1),(111,'CRJU','304L','CRIM PROCEDURE II',1),(112,'CRJU','202L','CRIMINOLOGY',1),(113,'ITS','406N','DATA COMMUNICATIONS',1),(114,'MATH','321L','DIFFERENT EQUAT',1),(115,'ART','324L','DIGTL LAYOUT+DESIGN',1),(116,'MATH','250L','DISCRETE MATH I',1),(117,'CRJU','242L','DRUG/ALCOHOL ABUS',1),(118,'BIOL','330L','ECOLOGY',1),(119,'ENSC','360L','ECOLOGY:PRIN&PRACT',1),(120,'ECON','150L','ECON-SOCIAL ISSUES',1),(121,'ECON','900L','ECONOMICS COURSE',1),(122,'PSYC','208L','EDUC PSYCHOLOGY',1),(123,'EDUC','800L','EDUCATION ELECTIVE',1),(124,'ELEC','800L','ELECTIVE COURSE',1),(125,'FREN','101L','ELEM FREN I',1),(126,'FREN','102L','ELEM FREN II',1),(127,'GERM','101L','ELEM GERMAN I',1),(128,'GERM','102L','ELEM GERMAN II',1),(129,'ITAL','101L','ELEM ITAL I',1),(130,'ITAL','102L','ELEM ITALIAN II',1),(131,'SPAN','101L','ELEM SPANISH I',1),(132,'SPAN','102L','ELEM SPANISH II',1),(133,'CRDV','100N','EMPLOYMENT PRACT',1),(134,'EMS','800L','EMS ELECTIVE',1),(135,'ENG','923L','ENG THEATRE-PRODUCTION',1),(136,'ENG','900L','ENGLISH COURSE/LIT',1),(137,'ENG','901L','ENGLISH COURSE/WRIT',1),(138,'ENG','800L','ENGLISH ELECTIVE',1),(139,'ENG','212L','ENGLISH LIT I',1),(140,'ENG','213L','ENGLISH LIT II',1),(141,'ENSC','900L','ENV SCI COURSE',1),(142,'ENSC','800L','ENV SCI ELECTIVE',1),(143,'ENSC','313L','ENVIRN MICROBIO',1),(144,'ECON','305L','ENVIRON ECONOMICS',1),(145,'PHIL','300L','ETHICS',1),(146,'ENG','353L','ETHNIC AMER LIT',1),(147,'CSIS','152L','EXCEL',1),(148,'MATH','110L','EXCURSIONS IN MATH I',1),(149,'PRLG','311L','FAMILY LAW',1),(150,'FASH','400N','FASH EMPLOY SEM',1),(151,'FASH','800L','FASHION ELECTIVE',1),(152,'ENG','339L','FILM & LITERATURE',1),(153,'ACCT','203N','FINANCIAL ACCTNG',1),(154,'BUS','320N','FINANCIAL MGMT',1),(155,'HLTH','202N','FIRST AID/CPR',1),(156,'LANG','900L','FORGN LANG COURSE',1),(157,'LANG','901L','FORGN LIT COURSE',1),(158,'EDUC','101L','FOUNDATIONS OF EDUCATION',1),(159,'FREN','900L','FRENCH COURSE',1),(160,'FREN','800L','FRENCH ELECTIVE',1),(161,'FREN','901L','FRENCH LIT COURSE',1),(162,'ART','101N','FUND ART-DESIGN',1),(163,'ART','102N','FUND ART-DESIGN II',1),(164,'BIOL','130L','GEN BIOLOGY I',1),(165,'BIOL','131L','GEN BIOLOGY II',1),(166,'BIOL','111L','GEN BIOLOGY II',1),(167,'BIOL','112L','GEN BIOLOGY LAB I',1),(168,'BIOL','113L','GEN BIOLOGY LAB II',1),(169,'CHEM','113L','GEN CHEM LAB I',1),(170,'CHEM','114L','GEN CHEM LAB II',1),(171,'PHYS','214L','GEN PHYSIC LAB II',1),(172,'PHYS','212L','GEN PHYSICS II',1),(173,'PHYS','221L','GEN PHYSICS III',1),(174,'PHYS','213L','GEN PHYSICS LAB I',1),(175,'CHEM','131L','GENERAL CHEMISTRY I',1),(176,'CHEM','132L','GENERAL CHEMISTRY II',1),(177,'PHYS','211L','GENERAL PHYSICS I',1),(178,'BIOL','320L','GENETICS',1),(179,'GEO','900L','GEOGRAPHY COURSE',1),(180,'GERM','931L','GERM CULTURE COURSE',1),(181,'GERM','201L','GERM LANG/CULT I',1),(182,'PHED','120N','GOLF',1),(183,'ART','215N','GRAPHIC DESIGN I',1),(184,'PHED','133N','HANDBALL/RACQUETB',1),(185,'PHED','147N','HATHA YOGA',1),(186,'HLTH','800L','HEALTH ELECTIVE',1),(187,'HLTH','902L','HEALTH PROFESSIONS COURSE',1),(188,'HIST','907L','HIST COURSE',1),(189,'HIST','274L','HIST LATIN AM II',1),(190,'ART','160L','HIST WEST ART I',1),(191,'HIST','900L','HISTORY COURSE',1),(192,'BUS','301N','HR MANAGEMNT',1),(193,'BIOL','201L','HUM ANATOMY & PHYSIOLOGY I',1),(194,'BIOL','202L','HUM ANATOMY & PHYSIOLOGY II',1),(195,'SOCW','345L','HUM BEH-SOC ENV',1),(196,'BIOL','237L','HUMAN BIOLOGY',1),(197,'HLTH','201L','HUMAN NUTRITION',1),(198,'MUS','351L','IND VOCAL STUDY',1),(199,'IS','800L','INFO SYSTEMS ELECTIVE',1),(200,'ITS','130L','INFO TECH&SYS CONCEPTS',1),(201,'IT','805L','INFO TECHNOLOGY',1),(202,'IT','800L','INFO TECHNOLOGY ELECTIVE',1),(203,'CSIS','103L','INFO+COMP LITERACY',1),(204,'MATH','310L','INT MATH REASON',1),(205,'SPAN','106L','INTER SPAN II',1),(206,'SPAN','105L','INTER SPANISH I',1),(207,'COM','325L','INTERCULT COMM',1),(208,'ACCT','301N','INTERM ACCTING I',1),(209,'MATH','108L','INTERM ALGEBRA',1),(210,'ART','203N','INTERM DRAWING',1),(211,'FREN','105L','INTERM FREN I',1),(212,'FREN','106L','INTERM FREN II',1),(213,'GERM','105L','INTERM GERMAN I',1),(214,'GERM','106L','INTERM GERMAN II',1),(215,'ITAL','105L','INTERM ITAL I',1),(216,'ITAL','106L','INTERM ITALIAN II',1),(217,'ART','202N','INTERM PAINTING',1),(218,'ART','240N','INTERM PHOTOGRAPH',1),(219,'POSC','273L','INTERNAT POLITICS',1),(220,'ECON','442L','INTERNATION ECON',1),(221,'ITS','415N','INTERNETWORKING I',1),(222,'PRLG','210N','INTR LEG WRIT-RES',1),(223,'CHEM','201L','INTR ORGAN CHEM',1),(224,'BUS','100N','INTRO BUS & MGT',1),(225,'CHEM','101L','INTRO CHEMISTRY',1),(226,'PHYS','108L','INTRO COSMOLOGY',1),(227,'CRJU','101L','INTRO CRIM JUST',1),(228,'ENG','150L','INTRO DRAMA/PERFORM',1),(229,'ENSC','101L','INTRO ENVIRON ISS',1),(230,'FASH','100N','INTRO FASH INDUST',1),(231,'PSYC','101L','INTRO PSYCHOLOGY',1),(232,'SOC','101L','INTRO SOCIOLOGY',1),(233,'COM','102L','INTRO TO COMM',1),(234,'PHED','106N','INTRO TO DANCE',1),(235,'PRLG','101L','INTRO TO LAW',1),(236,'PHIL','203L','INTRO TO LOGIC',1),(237,'CMPT','120L','INTRO TO PROGRAMMING',1),(238,'SOCW','230L','INTRO TO SOC WORK',1),(239,'MATH','130L','INTRO-STATISTICS',1),(240,'PSYC','301L','INTRO:PHYSIO PSYC',1),(241,'BIOL','420L','INVERT ZOOLOGY',1),(242,'IS','900L','IS COURSE',1),(243,'ITAL','900L','ITALIAN COURSE',1),(244,'ITAL','800L','ITALIAN ELECTIVE',1),(245,'ITS','900L','ITS COURSE',1),(246,'MUS','106L','JAZZ AND SOUND',1),(247,'CRJU','305L','JUV JUST SYST',1),(248,'CRJU','223L','JUVENILE DELINQ',1),(249,'BUS','402L','LABOR RELATIONS',1),(250,'FREN','201L','LANG & CULT I',1),(251,'FREN','202L','LANG & CULT II',1),(252,'BUS','382N','LGL FOUND OF BUS',1),(253,'MATH','210L','LINEAR ALGEBRA',1),(254,'ATHT','310L','LOWER BODY/EXREM',1),(255,'BUS','101N','MANAG ORG BEHAV',1),(256,'ACCT','204N','MANAGERIAL ACCTNG',1),(257,'BUS','340N','MARKET MANAGEMENT',1),(258,'REST','335L','MARRIAGE & FAMILY',1),(259,'MATH','900L','MATH COURSE',1),(260,'MATH','800L','MATH ELECTIVE',1),(261,'MEDT','800L','MED TECH ELECTIVE',1),(262,'COM','396N','MEDIA PERFORM TECH',1),(263,'MDIA','901L','MEDIA STUDIES/PROD COURSE',1),(264,'HIST','248L','MEDIEVAL EUROPE',1),(265,'BIOL','312L','MICROBIOLOGY',1),(266,'HIST','271L','MODERN CHINA',1),(267,'PHED','128N','MODERN DANCE I',1),(268,'ENG','363L','MODERN DRAMA',1),(269,'MUS','900L','MUSIC COURSE',1),(270,'MUS','800L','MUSIC ELECTIVE',1),(271,'','','NO MATCHING COURSE',1),(272,'CMSC','310L','OBJ-ORNT PRG C++',1),(273,'MUS','234N','ORCHESTRA',1),(274,'CHEM','213L','ORG CHEM LAB',1),(275,'CHEM','212L','ORG CHEMISTRY II',1),(276,'CHEM','216L','ORG CHEMISTRY LAB II',1),(277,'CHEM','211L','ORGANIC CHEM I',1),(278,'ORG','801N','ORGANIZATION ELECTIVE',1),(279,'PRLG','900L','PARALEGAL COURSE',1),(280,'PRLG','800L','PARALEGAL ELECTIVE',1),(281,'BIOL','421L','PARASITOLOGY',1),(282,'PHIL','233L','PHIL OF EDUCATION',1),(283,'PHIL','101L','PHILOSOPHICAL PERSPECTIVES',1),(284,'PHIL','900L','PHILOSPHY COURSE',1),(285,'ART','345L','PHOTOJOURNALISM',1),(286,'PHED','800N','PHYS ED ELECTIVE',1),(287,'ANTH','101L','PHYSICAL ANTHROPOLOGY',1),(288,'PHYS','900L','PHYSICS COURSE',1),(289,'PHYS','800L','PHYSICS ELECTIVE',1),(290,'PHED','101L','PHYSIO OF HEALTH',1),(291,'ENG','311L','POETRY WORKSH',1),(292,'POSC','800L','POL SCIENCE ELECTIVE',1),(293,'POSC','243L','POLIT THOUGHT III',1),(294,'POSC','900L','POLITICAL SCIENCE COURSE',1),(295,'MATH','120L','PRE-CALCULUS',1),(296,'COM','110L','PRIN ADVERTISING',1),(297,'FASH','265N','PRIN RETAILING',1),(298,'ECON','104L','PRINC MACROECONOM',1),(299,'ECON','103L','PRINC MICROECONOM',1),(300,'IS','236L','PROB SOLVING-PROG',1),(301,'PSYC','215L','PSY OF INTERP COM',1),(302,'PSYC','318L','PSYC OF THE ADOLSCT',1),(303,'PSYC','206L','PSYC BIO SEX DIF',1),(304,'PSYC','209L','PSYCH OF RETARDTN',1),(305,'PSYC','900L','PSYCHOLOGY COURSE',1),(306,'PSYC','800L','PSYCHOLOGY ELECTIVE',1),(307,'COM','101L','PUBLIC PRESENTAT.',1),(308,'PRLG','313N','REAL PROP & TITLE',1),(309,'REST','901L','RELIGIOUS STUDIES COURSE',1),(310,'ENG','320L','RISE DEL ENG DRAM',1),(311,'CMSC','412L','ROBOTICS',1),(312,'HIST','260L','RUSSIA TO 1850',1),(313,'SCI','900L','SCIENCE COURSE',1),(314,'SCI','800L','SCIENCE ELECTIVE',1),(315,'COM','321L','SCREENWRITING',1),(316,'MDIA','301L','SCREENWRITING FILM TV',1),(317,'INTD','213L','SELF NATURE-HIST',1),(318,'ENG','325L','SHAKESPEARE',1),(319,'PHED','138N','SKIING',1),(320,'FASH','361N','SMALL BUS MANAGMNT',1),(321,'SOCW','330L','SOC SERV THEO/PRA',1),(322,'PHED','130N','SOCCER',1),(323,'SOC','336L','SOCIAL INEQUALITY',1),(324,'SOC','202L','SOCIAL PROBLEMS',1),(325,'PSYC','220L','SOCIAL PSYCHOLOGY',1),(326,'SOCW','900L','SOCIAL WORK COURSE',1),(327,'SOCW','800L','SOCIAL WORK ELECTIVE',1),(328,'SOC','900L','SOCIOLOGY COURSE',1),(329,'SOC','800L','SOCIOLOGY ELECTIVE',1),(330,'SOC','337L','SOCIOLOGY MINORITIES',1),(331,'CMPT','220L','SOFTWARE DEVELOPMENT I',1),(332,'SPAN','210L','SPAN-HISPANICS I',1),(333,'SPAN','900L','SPANISH COURSE',1),(334,'SPAN','800L','SPANISH ELECTIVE',1),(335,'LERN','801L','STUDY SKILL ELECT',1),(336,'ITS','430L','SYSTMS ANLYS+DESGN',1),(337,'EDUC','241N','TEACH ELEM MATH',1),(338,'ENG','312L','TECH-PROF WRITE',1),(339,'CMPT','430L','TECHNOLOGY+ENTREPRENEURSHIP',1),(340,'CMPT','103L','TECNOLOGY FOR 21st CENTURU',1),(341,'PHED','127N','TENNIS',1),(342,'PSYC','207L','THE EXCEPT CHILD',1),(343,'ENG','229L','THEATRE PRACTICUM',1),(344,'ENG','451L','THEATRE WORKSHOP',1),(345,'HIST','101L','THEMES IN MOD HIST',1),(346,'ENG','221L','THEMES SHAKESPEARE',1),(347,'MUS','120L','THEORY OF MUSIC I',1),(348,'MUS','220L','THRY OF MUSIC II',1),(349,'BIOL','225L','TOPICS IN NUTRITION',1),(350,'HIST','270L','TRADITIONAL CHINA',1),(351,'COM','287L','TV PRODUCTION',1),(352,'IT','312L','UNIX',1),(353,'CRJU','250L','US COURTS',1),(354,'MDIA','203L','VIDEO PRODUCTION',1),(355,'FASH','285N','VISUAL MERCH',1),(356,'MUS','213N','VOICE STUDY II',1),(357,'ENSC','211L','WEATHER AND CLIMATE',1),(358,'PRLG','420N','WILLS TRUSTS ESTA',1),(359,'CSIS','151L','WORDPROCESSING',1),(360,'ENG','382L','WORKSHOP FICTION',1),(361,'REST','209L','WORLD RELIGIONS',1),(362,'PHIL','103L','WORLD VIEW VALUES',1),(363,'ENG','120L','WRITING FOR COLLEGE',1),(364,'COM','289L','WRITING FOR MEDIA',1),(365,'MDIA','201L','WRITING FOR MEDIA',1),(366,'CMPT','230L','SYSTEMS ANALYSIS + DESIGN',1),(367,'CMPT','306N','DATA COMMUNICATIONS',1),(368,'CMPT','307N','INTERNETWORKING',1),(369,'CMPT','308N','DATABASE MANAGEMENT',1),(370,'CMPT','330L','SYSTEMS DESIGN',1),(371,'430L','330L','COMPUTER ORG + ARCHITECTURE',1),(372,'CMPT','435L','ALGORITHMS ANALYSIS + DESIGN',1),(373,'CMPT','331L','THEORY OF PROGRAMMING LANGUAGES',1),(374,'CMPT','333L','LANGUAGE STUDY',1),(375,'CMPT','424L','OPERATING SYSTEMS',1),(376,'CMPT','432L','DESIGN OF COMPILERS',1),(377,'CMPT','440L','FORMAL LANGUAGES + COMPUTABILITY',1),(378,'CMPT','475L','CS PROJECT',1),(379,'MATH','250L','DISCRETE MATH',1),(380,'CMPT','422L','COMPUTER ORG + ARCH',1);
/*!40000 ALTER TABLE `marist_courses` ENABLE KEYS */;
UNLOCK TABLES;

--
-- Table structure for table `saved_courses`
--

DROP TABLE IF EXISTS `saved_courses`;
/*!40101 SET @saved_cs_client     = @@character_set_client */;
/*!40101 SET character_set_client = utf8 */;
CREATE TABLE `saved_courses` (
  `sc_id` int(11) NOT NULL AUTO_INCREMENT,
  `email` varchar(255) DEFAULT NULL,
  `course_id` int(11) DEFAULT NULL,
  PRIMARY KEY (`sc_id`),
  KEY `email` (`email`),
  KEY `course_id` (`course_id`),
  CONSTRAINT `saved_courses_ibfk_1` FOREIGN KEY (`email`) REFERENCES `students` (`email`),
  CONSTRAINT `saved_courses_ibfk_2` FOREIGN KEY (`course_id`) REFERENCES `school_courses` (`cId`)
) ENGINE=InnoDB AUTO_INCREMENT=5 DEFAULT CHARSET=latin1;
/*!40101 SET character_set_client = @saved_cs_client */;

--
-- Dumping data for table `saved_courses`
--

LOCK TABLES `saved_courses` WRITE;
/*!40000 ALTER TABLE `saved_courses` DISABLE KEYS */;
INSERT INTO `saved_courses` VALUES (1,'student@marist.edu',20),(2,'student@marist.edu',734),(3,'student@marist.edu',735),(4,'student@marist.edu',1284);
/*!40000 ALTER TABLE `saved_courses` ENABLE KEYS */;
UNLOCK TABLES;

--
-- Table structure for table `school_courses`
--

DROP TABLE IF EXISTS `school_courses`;
/*!40101 SET @saved_cs_client     = @@character_set_client */;
/*!40101 SET character_set_client = utf8 */;
CREATE TABLE `school_courses` (
  `cId` int(11) NOT NULL,
  `school_id` int(11) DEFAULT NULL,
  `department` varchar(255) DEFAULT NULL,
  `course_num` varchar(255) DEFAULT NULL,
  `course_name` varchar(255) DEFAULT NULL,
  PRIMARY KEY (`cId`),
  KEY `school_id` (`school_id`),
  CONSTRAINT `school_courses_ibfk_1` FOREIGN KEY (`school_id`) REFERENCES `schools` (`school_id`)
) ENGINE=InnoDB DEFAULT CHARSET=latin1;
/*!40101 SET character_set_client = @saved_cs_client */;

--
-- Dumping data for table `school_courses`
--

LOCK TABLES `school_courses` WRITE;
/*!40000 ALTER TABLE `school_courses` DISABLE KEYS */;
INSERT INTO `school_courses` VALUES (1,1,'ART','103','3D DESIGN'),(2,1,'PSY','201','ABNORMAL PSYCHOLOGY'),(3,1,'BUS','110','ACCESS'),(4,1,'ACC','220','ACCT COURSE'),(5,1,'ACC','102','PRINC ACCOUNTING II'),(6,1,'ACC','102','ACCOUNTING II'),(7,1,'ACC','205','COMPUTER ACCT APPL'),(8,1,'ACC','205','COMPUTER ACCT APPL'),(9,1,'ACC','213','ACCOUNTING SYSTEMS'),(10,1,'ACC','213','ACCOUNTING SYSTEMS'),(11,1,'ACC','101','PRINC ACCOUNTING I'),(12,1,'ACC','101','ACCOUNTING I'),(13,1,'ACC','105','ACCOUNTING ELECTIVE'),(14,1,'ACC','211','ACCOUNTING ELECTIVE'),(15,1,'ACC','213','ACCOUNTING SYSTEMS'),(16,1,'ACC','213','ACCOUNTING SYSTEMS'),(17,1,'ACC','213','ACCOUNTING SYSTEMS'),(18,1,'ACC','213','ACCOUNTING SYSTEMS'),(19,1,'THE','109','ACTING I'),(20,1,'THE','209','ACTING II'),(21,1,'PSY','222','ADOL TO ADULT-AGIN'),(22,1,'MUS','241','ADV CLASS PIANO'),(23,1,'ART','123','ADV DRAWING I'),(24,1,'ITL','204','ADV ITALIAN I'),(25,1,'ITL','205','ADV ITALIAN II'),(26,1,'FRE','301','ADV READ-CONV I'),(27,1,'FRE','302','ADV READ-CONV II'),(28,1,'SPA','302','ADV SPAN II'),(29,1,'SPA','301','ADV SPANISH I'),(30,1,'COM','250','ADV TV PRODUCTION'),(31,1,'COM','262','ADV TV PRODUCTION'),(32,1,'ENG','218','ADVANCED WRITING'),(33,1,'ENG','216','AM SHORT FIC'),(34,1,'GOV','122','AM STATE/URBAN PO'),(35,1,'POS','122','AM STATE/URBAN PO'),(36,1,'HIS','103','AMER HIST I'),(37,1,'HIS','104','AMER HIST II'),(38,1,'HIS','114','AMER HIST II'),(39,1,'HIS','273','AMER HIST II'),(40,1,'HIST','104','AMER HIST II'),(41,1,'GOV','121','AMER NATL GOVT'),(42,1,'GOVT','121','AMER NATL GOVT'),(43,1,'HIS','121','AMER NATNL GOVT'),(44,1,'POS','121','AMER NATL GOVT'),(45,1,'HIS','214','AMERICAN FEMINISM'),(46,1,'ENG','203','AMERICAN LIT I'),(47,1,'ENG','204','AMERICAN LIT II'),(48,1,'BHS','204','ANTHROP COURSE'),(49,1,'BHS','215','ANTHROP COURSE'),(50,1,'BHS','924','ANTHROP COURSE'),(51,1,'BHS','925','ANTHROP COURSE'),(52,1,'ANT','102','ANTHROPOLOGY II'),(53,1,'CIS','227','ARCH HARDWARE+SFTWR'),(54,1,'IS','310','ARCH-HARD-SOFTWARE'),(55,1,'BHS','214','ARCHAEOLOGY'),(56,1,'BHS','917','ARCHAEOLOGY'),(57,1,'PED','109','ARCHERY'),(58,1,'ART','256','ARTS 100 LEV STUDIO'),(59,1,'ART','291','ART 100 LEV STUD'),(60,1,'ART','142','ART 100 LEV STUDIO'),(61,1,'ART','103','ART 100 LEV GEN'),(62,1,'HUM','205','ART 100 LEV GEN'),(63,1,'THE','106','ART 100 LEV GEN'),(64,1,'ART','102','ART 20TH CENT'),(65,1,'ART','122','ART COURSE'),(66,1,'ART','143','ART COURSE'),(67,1,'ART','147','Graphic Design III/Design Ill'),(68,1,'ART','153','ART COURSE'),(69,1,'ART','180','ART COURSE'),(70,1,'ART','217','ART COURSE'),(71,1,'ART','240','ART COURSE'),(72,1,'ART','251','ART COURSE'),(73,1,'ART','252','ART COURSE'),(74,1,'ART','253','ART COURSE'),(75,1,'COM','243','WORLD FILM'),(76,1,'INT','801','ART COURSE'),(77,1,'ART','154','ART ELECTIVE'),(78,1,'ART','162','ART ELECTIVE'),(79,1,'COM','207','ART OF FILM'),(80,1,'ART','172','ART ELECTIVE'),(81,1,'ART','100','ART STUDIO ELECT'),(82,1,'ART','106','ART STUDIO ELECT'),(83,1,'ART','141','ART STUDIO ELECT'),(84,1,'ART','170','ART STUDIO ELECT'),(85,1,'ART','209','ART STUDIO ELECT'),(86,1,'ART','270','ART STUDIO ELECT'),(87,1,'ART','273','ART STUDIO ELECT'),(88,1,'ART','274','CERAMICS'),(89,1,'ART','104','FUND OF ART'),(90,1,'ART','104','BASIC PAINTING'),(91,1,'ART','157','ARTS 100 LEV STUDIO'),(92,1,'ART','161','ARTS 100 LEV STUDIO'),(93,1,'ART','161','ARTS 100 LEV STUDIO'),(94,1,'ART','161','ARTS 100 LEV STUDIO'),(95,1,'ART','163','ARTS 100 LEV STUDIO'),(96,1,'ART','190','ARTS 100 LEV STUDIO'),(97,1,'ART','191','ART 100 LEV STUDIO'),(98,1,'ART','224','ARTS 100 LEV STUDIO'),(99,1,'ART','250','ARTS 100 LEV STUDIO'),(100,1,'VIS','152','ARTS 100 LEV STUDIO'),(101,1,'VIS','170','ARTS 100 LEV STUDIO'),(102,1,'ART','171','ART STUDIO ELECT'),(103,1,'ART','222','WATERCOLOR'),(104,1,'ART','241','ARTS STUDIO ELECT'),(105,1,'ART','275','Ceramics'),(106,1,'ART','275','ART STUDIO ELECT'),(107,1,'COM','233','AUDIO FOR MEDIA'),(108,1,'SPE','201','AUGUMENT & DEBATE'),(109,1,'PAR','201','Trauma'),(110,1,'ART','112','BASIC DRAWING'),(111,1,'ART','104','FUND OF ART'),(112,1,'ART','104','BASIC PAINTING'),(113,1,'ART','120','BASIC PAINTING'),(114,1,'ART','105','BASIC PHOTO'),(115,1,'ART','150','BASIC PHOTO'),(116,1,'ART','130','BASIC PRINTMAKING'),(117,1,'ART','226','BASIC PRINTMAKING'),(118,1,'ART','230','BASIC PRINTMAKING'),(119,1,'ART','107','BASIC SCULPTURE'),(120,1,'DAN','102','BEG CLASS BALLET'),(121,1,'PED','180','BEG SWIM/NONSWIM'),(122,1,'MUS','141','BG CLSS PIANO I'),(123,1,'MUS','142','PIANO II'),(124,1,'BIO','108','BIOL COURSE'),(125,1,'BIO','225','BIOLOGY COURSE'),(126,1,'BIO','226','BIOL COURSE'),(127,1,'PAR','203','Cardiology & Pulmonology'),(128,1,'BIO','103','BIOLOGY COURSE'),(129,1,'BIO','105','BIOLOGY COURSE'),(130,1,'BIO','103L','BIOLOGY COURSE'),(131,1,'BIO','104','BIOLOGY COURSE'),(132,1,'BIO','112','BIOLOGY COURSE'),(133,1,'BIO','115','BIOLOGY COURSE'),(134,1,'BIO','130','BIOLOGY COURSE'),(135,1,'BIO','144','BIOLOGY COURSE'),(136,1,'BIO','211','BIOLOGY COURSE'),(137,1,'BIO','213','BIOLOGY COURSE'),(138,1,'BIOL','104','BIOLOGY COURSE'),(139,1,'BIOL','144','BIOLOGY COURSE'),(140,1,'PAR','102','Pathophysiology&Life Span Dev'),(141,1,'PAR','205','Medical Emergencies I'),(142,1,'BIO','203','BIOLOGY ELECTIVE'),(143,1,'BIO','111','BIOLOGY ELECTIVE'),(144,1,'BIO','910','BIOLOGY ELECTIVE'),(145,1,'BIO','917','BIOLOGY ELECTIVE'),(146,1,'PAR','220','Clinical II'),(147,1,'PAR','230','Clinical III'),(148,1,'PAR','120','Clinical I'),(149,1,'HIS','209','BLACK AMER EXP'),(150,1,'BIO','204','BOTANY'),(151,1,'MUS','117','BRASS WIND ENSEMB'),(152,1,'COM','240','BROADCASTING'),(153,1,'BUS','207','BUSINESS COURSE'),(154,1,'BUS','254','BUS COURSE'),(155,1,'LAW','225','BUS COURSE'),(156,1,'MAR','203','BUSINESS COURSE'),(157,1,'MAR','259','BUSINESS COURSE'),(158,1,'BUS','102','BUSINESS ELECTIVE'),(159,1,'BUS','106','BUSINESS ELECTIVE'),(160,1,'BUS','107L','BUSINESS ELECTIVE'),(161,1,'BUS','120','BUSINESS ELECTIVE'),(162,1,'BUS','210','BUSINESS ELECTIVE'),(163,1,'BUS','245','BUSINESS ELECTIVE'),(164,1,'BUS','246','BUSINESS ELECTIVE'),(165,1,'BUS','273','BUSINESS ELECTIVE'),(166,1,'BUS','800N','BUSINESS ELECTIVE'),(167,1,'BUS','801','BUSINESS ELECTIVE'),(168,1,'BUS','801N','BUSINESS ELECTIVE'),(169,1,'BUS','906','BUSINESS ELECTIVE'),(170,1,'BUS','907','BUSINESS ELECTIVE'),(171,1,'BUS','910','Personal Finance'),(172,1,'SES','210','BUSINESS ELECTIVE'),(173,1,'BUS','125','BUSINESS LAW I'),(174,1,'BUS','215','BUSINESS LAW I'),(175,1,'BUS','215','BUSINESS LAW I'),(176,1,'BUS','233','BUSINESS LAW I'),(177,1,'BUS','241','BUSINESS LAW I'),(178,1,'PAL','230','BUSINESS LAW I'),(179,1,'BUS','216','BUSINESS LAW II'),(180,1,'BUS','216','BUSINESS LAW II'),(181,1,'LAW','212','BUSINESS LAW II'),(182,1,'MAT','223','CALCULUS III'),(183,1,'MAT','125','CALC:MGMT APPLCTN'),(184,1,'MAT','221','CALC:MGMT APPLCTN'),(185,1,'MAT','221','CALCULUS I'),(186,1,'MATH','125L','CALC:MGMT APPLCTN'),(187,1,'MAT','221','CALCULUS I'),(188,1,'MAT','221','CALC:MGMT APPLCTN'),(189,1,'MATH','121','CALCULUS I'),(190,1,'MAT','222','CALCULUS II'),(191,1,'MATH','122','CALCULUS II'),(192,1,'MATH','222','CALCULUS II'),(193,1,'PD','10003','CAREER & LIFE PLANNING'),(194,1,'BIO','915','CELLULAR BIOLOGY'),(195,1,'CHE','107','CHEMISTRY COURSE'),(196,1,'CHE','112','CHEMISTRY COURSE'),(197,1,'CHE','904','CHEMISTRY COURSE'),(198,1,'CHE','111L','CHEMISTRY ELECT'),(199,1,'CHE','119','CHEMISTRY ELECT'),(200,1,'PHS','907','CHEMISTRY ELECTIVE'),(201,1,'CHE','904L','CHEMISTRY ELECTIVE'),(202,1,'PSY','203','CHILD DEVELOPMENT'),(203,1,'PSY','221','CHILD DEVELOPMENT'),(204,1,'MUS','221','CHORAL SING III'),(205,1,'MUS','121','CHORAL SINGING I'),(206,1,'MUS','122','CHORAL SINGING II'),(207,1,'CIS','901L','CIS COURSE'),(208,1,'CIS','801','CIS ELECTIVE'),(209,1,'PAL','240','CIV LITIGATION PRACT'),(210,1,'ENG','212','Greek/Roman Lit Translation'),(211,1,'REA','100','COLLEGE READING'),(212,1,'REA','103','COLLEGE READING'),(213,1,'REA','105','COLLEGE READING'),(214,1,'EN','112','COLLEGE WRITING I'),(215,1,'ENG','101','COLLEG WRITNG I'),(216,1,'ENG','111','COLLEG WRITNG I'),(217,1,'ENG','180','COLL WRITING II'),(218,1,'ENG','102','WRITING FOR COLLEGE'),(219,1,'ENG','102','COLL WRITING II'),(220,1,'ENG','103','COLL WRITING II'),(221,1,'BOM','101','COMM PRINCIPLES'),(222,1,'COM','101','Intro Comm Media'),(223,1,'COM','101','COMM PRINCIPLES'),(224,1,'COM','203','COMM PRINCIPLES'),(225,1,'COM','103','COMM COURSE'),(226,1,'COM','104','COMM COURSE'),(227,1,'COM','210','COMM COURSE'),(228,1,'COM','211','COM COURSE'),(229,1,'COM','221','MEDIA STRARGS FOR PUBL RELATNS'),(230,1,'ENG','911','COMM COURSE'),(231,1,'ENG','911L','COMM COURSE'),(232,1,'SPE','107','COMM COURSE'),(233,1,'SPE','110','COMM COURSE'),(234,1,'SPE','210','COMM COURSE'),(235,1,'SPE','211','COMM COURSE'),(236,1,'SPE','904','COMM COURSE'),(237,1,'COM','100','COMM ELECTIVE'),(238,1,'COM','102','COM ELECTIVE'),(239,1,'COM','201','COM ELECTIVE'),(240,1,'COM','202','COM ELECTIVE'),(241,1,'COM','234','COMM ELECTIVE'),(242,1,'COM','235','COMM ELECTIVE'),(243,1,'COM','263','COMM ELECTIVE'),(244,1,'COM','906','COMM ELECTIVE'),(245,1,'COM','907','COMM ELECTIVE'),(246,1,'ENG','211','COMM ELECTIVE'),(247,1,'ENG','226','COMM ELECTIVE'),(248,1,'ENG','266','COMM ELECTIVE'),(249,1,'SPE','102','COMM ELECTIVE'),(250,1,'SPE','102L','COMM ELECTIVE'),(251,1,'SPE','111','COMM ELECTIVE'),(252,1,'SPE','272','COM ELECTIVE'),(253,1,'SPE','905','COMM ELECTIVE'),(254,1,'COM','140','Media and Society'),(255,1,'COM','140','MEDIA AND SOCIETY'),(256,1,'COM','201L','COMMUNIC/SOCIETY'),(257,1,'GOV','221','COMP POL EST EURO'),(258,1,'CPS','141','Intro Comp Sci Prog'),(259,1,'CPS','141','CMSC COURSE'),(260,1,'CPS','142','CMSC COURSE'),(261,1,'CIS','123','CMSC ELECTIVE'),(262,1,'CIS','223','COMP SCI ELECTIVE'),(263,1,'CIS','901','COMP SCI ELECTIVE'),(264,1,'CPS','801L','COMPCI ELECTIVE'),(265,1,'CPS','802L','COMP SCI ELECTIVE'),(266,1,'CPS','121','COMP SCI ELECTIVE'),(267,1,'CPS','123','COMP SCI ELECTIVE'),(268,1,'CPS','131','COMP SCI ELECTIVE'),(269,1,'CPS','271','CMSC ELECTIVES'),(270,1,'CPS','272','CMSC ELECTIVES'),(271,1,'DAP','211','COMP SCI ELECTIVE'),(272,1,'DAP','223','COMP SCI ELECTIVE'),(273,1,'DAP','227','COMP SCI ELECTIVE'),(274,1,'DAT','124','COMP SCI ELECTIVE'),(275,1,'ELT','210','COMP SCI ELECTIVE'),(276,1,'CIS','215','Internet Prog Java'),(277,1,'CIS','215','COMP SCI I'),(278,1,'CMSC','120L','COMPUTER SCI I'),(279,1,'CPS','231','Data Structures'),(280,1,'CPS','231','COMPUTER SCI I'),(281,1,'CMSC','121L','COMPUTER SCI II'),(282,1,'CIS','111','COMPUTER SYSTEMS & APPLICATION'),(283,1,'CIS','111','TECHNOLOGY FOR 21st CENTURY'),(284,1,'CIS','111','INFO TECH&SYS CONCEPTS'),(285,1,'CIS','111','COMP STUD CONC'),(286,1,'CIS','2130L','COMP STUD CONC'),(287,1,'CLS','213','COMP STUD CONC'),(288,1,'BUS','111','COMPUTER STUDIES ELEC'),(289,1,'CIS','109','CSIS ELECTIVE'),(290,1,'CIS','112L','COMPUTER STUDIES ELECTIVE'),(291,1,'CIS','112L','COMPUTER STUDIES ELEC'),(292,1,'CIS','120','COMPUTER BASED PUB'),(293,1,'DAP','112','COMPUTER STUDIES ELEC'),(294,1,'OFT','150','COMPUTER STUDIES ELEC'),(295,1,'CPS','100','COMPUTING STUD SEM'),(296,1,'PED','103','CONDITIONING'),(297,1,'ENG','214','CONT ENG-AM POET'),(298,1,'ENG','215','CONT ENG-AM POET'),(299,1,'BRJ','206','CRIM & SCI INVEST'),(300,1,'CRJ','206','CRIM & SCI INVEST'),(301,1,'PLS','205','CRIM & SCI INVEST'),(302,1,'CRJ','201','CRIM JUS ORG&ADM'),(303,1,'PLS','201','CRIM JUS ORG&ADM'),(304,1,'CRJ','266','CRIM JUST COURSE'),(305,1,'HMS','266','CRIM JUST COURSE'),(306,1,'PLS','206','CRIM JUST COURSE'),(307,1,'PLS','207','CRIM JUST COURSE'),(308,1,'BHS','233','CRIM JUST THRU FILM MEDIA'),(309,1,'CRJ','100','CRIM JUST ELECT'),(310,1,'CRJ','261','CRJU ELECTIVE'),(311,1,'PAL','290','CRJU INTERN I'),(312,1,'CRJ','264','CRIM PROC I'),(313,1,'HMS','264','CRIM PROCEDURE I'),(314,1,'SCS','263','CRIM PROCEDURE I'),(315,1,'CRJ','263','CRIM PROC II'),(316,1,'HMS','263','CRIM PROCEDR II'),(317,1,'SCS','264','CRIM PROCEDR II'),(318,1,'BHS','142','CRIMINOLOGY'),(319,1,'BHS','142','CRIMINOLOGY'),(320,1,'BHS','142','Criminology'),(321,1,'BHS','142','Criminology'),(322,1,'SCS','142','CRIMINOLOGY'),(323,1,'CRJ','207','CRIMINOLOGY'),(324,1,'BHS','206','CULTURAL ANTHROPOLOGY'),(325,1,'CIS','117','DATA COMMUNICATIONS'),(326,1,'TEL','211','DATA COMMUNICATIONS'),(327,1,'MAT','224','DIFFERENT EQUAT'),(328,1,'ART','145','DIGTL LAYOUT+DESIGN'),(329,1,'MAT','140','DISCRETE MATH I'),(330,1,'MAT','214','DISCRETE MATH I'),(331,1,'BHS','242','DRUG/ALCOHOL ABUS'),(332,1,'CHS','242','DRUG/ALCOHOL ABUSE'),(333,1,'HMS','242','DRUG/ALCOHOL ABUS'),(334,1,'SCS','242','DRUG/ALCOHOL ABUS'),(335,1,'BIO','107','Ecology'),(336,1,'BIO','107','ECOLOGY'),(337,1,'BIO','107','INTRO HUMAN BIOL'),(338,1,'BIO','107','Ecology'),(339,1,'BIO','107','ECOLOGY'),(340,1,'BIO','107','INTRO HUMAN BIOL'),(341,1,'ECN','105','ECON-SOCIAL ISSUES'),(342,1,'ECO','105','ECON-SOCIAL ISSUES'),(343,1,'ECO','115','ECON-SOCIAL ISSUES'),(344,1,'ECOP','105','ECON-SOCIAL ISSUES'),(345,1,'ECO','111','ECONOMICS COURSE'),(346,1,'ECO','902','ECONOMICS COURSE'),(347,1,'HGE','105','ECONOMICS COURSE'),(348,1,'PSY','211','EDUC PSYCHOLOGY'),(349,1,'ECH','101','EDUC ELECTIVE'),(350,1,'ECH','102','EDUC ELECTIVE'),(351,1,'ECH','107','EDUC ELECTIVE'),(352,1,'ECH','108','EDUC ELECTIVE'),(353,1,'ECH','205','EDUC ELECTIVE'),(354,1,'EED','115','Symbolic Rep Language & Litrcy'),(355,1,'LAT','100','EDUC ELECTIVE'),(356,1,'LAT','200','EDUC ELECTIVE'),(357,1,'LAT','201','EDUC ELECTIVE'),(358,1,'ECH','206','EDUC ELECTIVE'),(359,1,'ECH','214','EDUC ELECTIVE'),(360,1,'EED','100','Elementary Education Intro Sem'),(361,1,'EED','116','Fieldwork I'),(362,1,'EED','254','Fndatns/Issues in Dvrs Ece Cla'),(363,1,'ELT','215','GENERAL ELECTIVE'),(364,1,'ENT','102','ELECTIVE COURSE'),(365,1,'NUR','215','GENERAL ELECTIVE'),(366,1,'FRE','101','ELEM FREN I'),(367,1,'FRE','102','ELEM FREN II'),(368,1,'GER','101','ELEM GERMAN I'),(369,1,'GER','102','ELEM GERMAN II'),(370,1,'ITA','101','ELEM ITAL I'),(371,1,'ITL','101','ELEM ITAL I'),(372,1,'ITL','102','ELEM ITALIAN II'),(373,1,'LITL','102','ELEM ITALIAN II'),(374,1,'SPA','101','ELEM SPANISH I'),(375,1,'SPA','102','ELEM SPANISH II'),(376,1,'SPAN','199','ELEM SPANISH II'),(377,1,'CLP','101','EMPLOYMENT PRACT'),(378,1,'CLP','101','EMPLOYMENT PRACT'),(379,1,'CLP','101','EMPLOYMENT PRACT'),(380,1,'CLP','101','EMPLOYMENT PRACT'),(381,1,'EMB','105','EMT Basic'),(382,1,'THE','103','ENG THEATRE-PRODUCTION'),(383,1,'ENG','225','LITERATURE COURSE'),(384,1,'ENG','110','ENG COURSE/LIT'),(385,1,'ENG','206','ENGLISH LIT COURSE'),(386,1,'ENG','223','ENGLISH LIT COURSE'),(387,1,'ENG','231','ENG COURSE/LIT'),(388,1,'ENG','233','ENG COURSE/LIT'),(389,1,'ENG','267','ENG COURSE/LIT'),(390,1,'ENG','268','ENG COURSE/LIT'),(391,1,'ENG','280','ENG COURSE LIT'),(392,1,'ENG','906','ENG COURSE/LIT'),(393,1,'ENG','213','ENG COURSE/LIT'),(394,1,'ENG','228','ENGLISH COURSE/LIT'),(395,1,'ENG','229','ENGLISH COURSE/LIT'),(396,1,'ENG','263','ENGLISH COURSE/LIT'),(397,1,'ENG','273','ENGLISH COURSE/LIT'),(398,1,'ENG','205','ENGLISH LIT COURSE'),(399,1,'ENG','221','ENGLISH LIT COURSE'),(400,1,'ENG','264','ENGLISH LIT COURSE'),(401,1,'ENG','269','ENGLISH LIT COURSE'),(402,1,'ENG','902L','ENG COURSE/WRIT'),(403,1,'THE','201','Play Directing'),(404,1,'THE','273','ENG COURSE/WRIT'),(405,1,'THEA','109','ENG COURSE/WRIT'),(406,1,'ENG','100','ENGLISH ELECTIVE'),(407,1,'ENG','218L','ENGLISH ELECTIVE'),(408,1,'THE','903','ENGLISH ELECTIVE'),(409,1,'ENG','201','ENGLISH LIT I'),(410,1,'ENG','202','ENGLISH LIT II'),(411,1,'GLG','124','ENV SCI COURSE'),(412,1,'PHS','111','WEATHER AND CLIMATE'),(413,1,'PHS','111','WEATHER AND CLIMATE'),(414,1,'GLG','110','ENVIR. SCI ELECTIVE'),(415,1,'BIO','920','ENVIRN MICROBIO'),(416,1,'ECO','121','ENVIRON ECONOMICS'),(417,1,'PHI','205','Ethical Theory'),(418,1,'PHI','205','ETHICS'),(419,1,'PHI','205','ETHICS'),(420,1,'PHI','205','Ethical Theory'),(421,1,'ENG','224','ENG COURSE/LIT'),(422,1,'ENG','224L','ETHNIC AMER LIT'),(423,1,'BUS','109','EXCEL'),(424,1,'OFT','232','EXCEL'),(425,1,'MAT','101','EXCURS-CLASSICAL'),(426,1,'MAT','109L','EXCURS-CLASSICAL'),(427,1,'MAT','109','EXCURSIONS IN MATH I'),(428,1,'PAL','210','FAMILY LAW'),(429,1,'RET','211','FASH EMPLOY SEM'),(430,1,'RET','104','FASHION ELECTIVE'),(431,1,'FASH','800N','FASHION ELECTIVE'),(432,1,'FASH','804','FASHION ELECTIVE'),(433,1,'RET','100','FASHION ELECTIVE'),(434,1,'RET','103','FASHION ELECTIVE'),(435,1,'RET','105','FASHION ELECTIVE'),(436,1,'RET','108','FASHION ELECTIVE'),(437,1,'RET','203','FASHION ELECTIVE'),(438,1,'RET','206','FASHION ELECTIVE'),(439,1,'RET','273','FASHION ELECTIVE'),(440,1,'ENG','227','FILM & LITERATURE'),(441,1,'ACC','104','FINANCIAL ACCTNG'),(442,1,'ACC','194','FINANCIAL ACCTNG'),(443,1,'ENT','1051','FINANCIAL ACCTNG'),(444,1,'FIN','2011','FINANCIAL MGMT'),(445,1,'FIN','203','FINANCIAL MGMT'),(446,1,'HED','134','FIRST AID/CPR'),(447,1,'HLTH','202N','FIRST AID/CPR'),(448,1,'ASL','101','FOR LANG COURSE'),(449,1,'ASL','102','FOR LANG COURSE'),(450,1,'LANG','911L','FOR LIT COURSE'),(451,1,'BHS','208','FOUNDATIONS OF EDUCATION'),(452,1,'BHS','207','PHIL OF EDUCATION'),(453,1,'FRE','903','FRENCH COURSE'),(454,1,'FRE','208','FRENCH ELECTIVE'),(455,1,'FRE','271','FRENCH ELECTIVE'),(456,1,'FRE','273','FREN LITERATURE'),(457,1,'ART','110','FUND ART-DESIGN'),(458,1,'VIS','110','FUND ART-DESIGN'),(459,1,'ART','111','FUND ART DES II'),(460,1,'BIO','101','GENERAL BIOLOGY I'),(461,1,'BIO','105','GEN BIOLOGY I'),(462,1,'BIO','1019','GEN BIO I'),(463,1,'BIO','102','GEN BIOLOGY II'),(464,1,'BIO','106','GEN BIOLOGY II'),(465,1,'BIOL','102','GEN BIOLOGY II'),(466,1,'BIO','1019L','GEN BIO LAB I'),(467,1,'BIO','101L','GEN BIOLOGY LAB I'),(468,1,'BIO','101LAB','GEN BIOLOGY LAB I'),(469,1,'BIOL','101L','GEN BIOLOGY LAB I'),(470,1,'BIO','102L','GEN BIOL LAB II'),(471,1,'BIO','102LAB','GEN BIOL LAB II'),(472,1,'BIOL','102L','GEN BIOL LAB II'),(473,1,'CHE','121L','GEN CHEM LAB I'),(474,1,'CHE','121LAB','GEN CHEM LAB I'),(475,1,'CHE','122L','GEN CHEM LAB II'),(476,1,'CHE','122LAB','GEN CHEM LAB II'),(477,1,'CHE','122L','GEN CHEM LAB II'),(478,1,'PHY','122','GEN PHYSICS II'),(479,1,'PHY','122','GEN PHYS LAB II'),(480,1,'PHY','122L','GEN PHYSIC LAB II'),(481,1,'PHY','152L','GEN PHYSICS LAB II'),(482,1,'PHY','122','GEN PHYSICS II'),(483,1,'PHY','122410','GEN PHYSICS II'),(484,1,'PHY','152','GEN PHYSICS II'),(485,1,'PHY','251','GEN PHYSICS III'),(486,1,'PHY','121','GEN PHYSICS I+LAB'),(487,1,'PHY','121L','PHYSICS ELECTIVE'),(488,1,'PHY','151L','GEN PHYSICS LAB I'),(489,1,'CHE','121','GEN CHEMISTRY I'),(490,1,'CHE','121','GEN CHEMISTRY I'),(491,1,'CHE','122','GENERAL CHEM. II'),(492,1,'CHE','122','GENERAL CHEM. II'),(493,1,'AHS','101','GENERAL ELECTIVE'),(494,1,'BHS','100','GENERAL ELECTIVE'),(495,1,'BHS','251','GENERAL ELECTIVE'),(496,1,'CIM','103','GENERAL ELECTIVE'),(497,1,'CIM','202','GENERAL ELECTIVE'),(498,1,'CIM','202','GENERAL ELECTIVE'),(499,1,'CIM','204','GENERAL ELECTIVE'),(500,1,'CIM','204','GENERAL ELECTIVE'),(501,1,'CIS','100','GENERAL ELECTIVE'),(502,1,'CIS','105','GENERAL ELECTIVE'),(503,1,'CIS','125','GENERAL ELECTIVE'),(504,1,'COM','231','GENERAL ELECTIVE'),(505,1,'COM','232','GENERAL ELECTIVE'),(506,1,'CONS','150','GENERAL ELECTIVE'),(507,1,'CRJ','205','GENERAL ELECTIVE'),(508,1,'DNY','1000','GENERAL ELECTIVE'),(509,1,'DTN','201','GENERAL ELECTIVE'),(510,1,'DTN','202','GENERAL ELECTIVE'),(511,1,'DTN','203','GENERAL ELECTIVE'),(512,1,'DTN','204','GENERAL ELECTIVE'),(513,1,'ECH','111','GENERAL ELECTIVE'),(514,1,'ECH','112','GEN ELECTIVE'),(515,1,'ECH','254','GENERAL ELECTIVE'),(516,1,'ELEC','801N','GENERAL ELECTIVE'),(517,1,'ELEC','802L','GENERAL ELECTIVE'),(518,1,'ELEC','803L','GENERAL ELECTIVE'),(519,1,'ELEC','804','GENERAL ELECTIVE'),(520,1,'ELT','101','GENERAL ELECTIVE'),(521,1,'ELT','104','GENERAL ELECTIVE'),(522,1,'ELT','105','GENERAL ELECTIVE'),(523,1,'ELT','106','GENERAL ELECTIVE'),(524,1,'ELT','115','GENERAL ELECTIVE'),(525,1,'ELT','203','GENERAL ELECTIVE'),(526,1,'ELT','204','GENERAL ELECTIVE'),(527,1,'ELT','205','GENERAL ELECTIVE'),(528,1,'ELT','206','GENERAL ELECTIVE'),(529,1,'ELT','211','GENERAL ELECTIVE'),(530,1,'ELT','213','GENERAL ELECTIVE'),(531,1,'ELT','214','GENERAL ELECTIVE'),(532,1,'ELT','216','GENERAL ELECTIVE'),(533,1,'ELT','250','GENERAL ELECTIVE'),(534,1,'EMS','203','GENERAL ELECTIVE'),(535,1,'EMS','206','GENERAL ELECTIVE'),(536,1,'ENG','105','GENERAL ELECTIVE'),(537,1,'ENG','108','GENERAL ELECTIVE'),(538,1,'ENG','131','GENERAL ELECTIVE'),(539,1,'ENR','101','GENERAL ELECTIVE'),(540,1,'ENR','101','GENERAL ELECTIVE'),(541,1,'ENR','101','GENERAL ELECTIVE'),(542,1,'ENR','101','GENERAL ELECTIVE'),(543,1,'ENR','102','GENERAL ELECTIVE'),(544,1,'ENR','103','GENERAL ELECTIVE'),(545,1,'ENR','106','GENERAL ELECTIVE'),(546,1,'ENR','201','GENERAL ELECTIVE'),(547,1,'ENR','202','GENERAL ELECTIVE'),(548,1,'ENR','209','GENERAL ELECTIVE'),(549,1,'ENR','903','GENERAL ELECTIVE'),(550,1,'ENT','101','GENERAL ELECTIVE'),(551,1,'ENT','103','GENERAL ELECTIVE'),(552,1,'ENT','104','GENERAL ELECTIVE'),(553,1,'ENT','105','GENERAL ELECTIVE'),(554,1,'ENT','108','GENERAL ELECTIVE'),(555,1,'ENT','110','GENERAL ELECTIVE'),(556,1,'ENT','131','GENERAL ELECTIVE'),(557,1,'ENT','202','GENERAL ELECTIVE'),(558,1,'ENT','210','GENERAL ELECTIVE'),(559,1,'GSS','100','General Studies Seminar'),(560,1,'HED','203','Health and Aging'),(561,1,'HMS','100','GENERAL ELECTIVE'),(562,1,'HMS','100','GENERAL ELECTIVE'),(563,1,'HMS','100','GENERAL ELECTIVE'),(564,1,'HMS','100','GENERAL ELECTIVE'),(565,1,'HMS','112','GENERAL ELECTIVE'),(566,1,'HMS','121','GENERAL ELECTIVE'),(567,1,'HTS','101','GENERAL ELECTIVE'),(568,1,'LAH','100','GENERAL ELECTIVE'),(569,1,'LSS','100','GENERAL ELECTIVE'),(570,1,'NU','100','GENERAL ELECTIVE'),(571,1,'NUR','100','GENERAL ELECTIVE'),(572,1,'NUR','105','GENERAL ELECTIVE'),(573,1,'NUR','107','GENERAL ELECTIVE'),(574,1,'NUR','111','GENERAL ELECTIVE'),(575,1,'NUR','112','GENERAL ELECTIVE'),(576,1,'NUR','204','GENERAL ELECTIVE'),(577,1,'NUR','213','GENERAL ELECTIVE'),(578,1,'NUR','216','GENERAL ELECTIVE'),(579,1,'NUR','218','GENERAL ELECTIVE'),(580,1,'NUR','280','GENERAL ELECTIVE'),(581,1,'OFT','230','GENERAL ELECTIVE'),(582,1,'PFA','100','GENERAL ELECTIVE'),(583,1,'SCS','112','GENERAL ELECTIVE'),(584,1,'SCS','902','GENERAL ELECTIVE'),(585,1,'SPE','103','GENERAL ELECTIVE'),(586,1,'SPE','204','GENERAL ELECTIVE'),(587,1,'SPEC','116','GENERAL ELECTIVE'),(588,1,'THE','120','GENERAL ELECTIVE'),(589,1,'THE','271','GENERAL ELECTIVE'),(590,1,'PHY','121','GEN PHYSICS I+LAB'),(591,1,'PHY','151','GENERAL PHYSICS I'),(592,1,'PHYS','121','GEN PHYSICS I'),(593,1,'BIO','205','GENETICS'),(594,1,'GEO','101','GEOGRAPHY COURSE'),(595,1,'GEO','102','GEOGRAPHY COURSE'),(596,1,'GIS','901','GEOGRAPHY COURSE'),(597,1,'GER','111','GERMAN CULTURE'),(598,1,'GER','301','GERM LANG/CULT I'),(599,1,'PED','131','GOLF'),(600,1,'ART','140','GRAPHIC DESIGN I'),(601,1,'PE','123','HANDBALL/RACQUETB'),(602,1,'PED','123','HANDBALL/RACQUETB'),(603,1,'PED','116','Yoga'),(604,1,'PED','116','Yoga'),(605,1,'PED','116','HATHA YOGA'),(606,1,'PED','116','HATHA YOGA'),(607,1,'ESW','100','HEALTH ELECTIVE'),(608,1,'PAR','100','HEALTH ELECTIVE'),(609,1,'ESW','201','HEALTH PROFESSION COURSE'),(610,1,'HIS','220','HISTORY COURSE'),(611,1,'HIS','206','HIST LATIN AM II'),(612,1,'ART','101','HIST WEST ART I'),(613,1,'HIS','101L','HISTORY COUSRE'),(614,1,'BHS','922','HISTORY COURSE'),(615,1,'BHS','923','HISTORY COURSE'),(616,1,'GOV','220','HISTORY COURSE'),(617,1,'HE','101','HISTORY COURSE'),(618,1,'HGE','101','HISTORY COURSE'),(619,1,'HGH','101','HISTORY COURSE'),(620,1,'HIS','101','HISTORY COURSE'),(621,1,'HIS','102L','HISTORY COURSE'),(622,1,'HIS','106','HISTORY COURSE'),(623,1,'HIS','107','HISTORY COURSE'),(624,1,'HIS','181','HISTORY COURSE'),(625,1,'HIS','182','HISTORY COURSE'),(626,1,'HIS','202','HISTORY COURSE'),(627,1,'HIS','210','HISTORY COURSE'),(628,1,'HIS','215','HISTORY COURSE'),(629,1,'HIS','216','HISTORY COURSE'),(630,1,'HIS','225','HISTORY COURSE'),(631,1,'HIS','905','HISTORY COURSE'),(632,1,'HIS','906','HISTORY COURSE'),(633,1,'HIS','908','HISTORY COURSE'),(634,1,'HIS','910','HISTORY COURSE'),(635,1,'HIS','107','HISTORY COURSE'),(636,1,'SOS','101','HISTORY COURSE'),(637,1,'BUS','244','HR MANAGEMENT'),(638,1,'BIO','131','HUM ANTMY&PHYS I'),(639,1,'BIO','209','HUM ANTMY&PHYS I'),(640,1,'BIO','209','MAMMALIAN ANAT'),(641,1,'BIO','210','HUM ANTMY&PHYS II'),(642,1,'BIO','210','MAMMALIAN PHYSIOL'),(643,1,'BIO','132','HUM ANTMY&PHYSII'),(644,1,'BIO','210','HUM ANTMY&PHYS II'),(645,1,'BIO','210','MAMMALIAN PHYSIOL'),(646,1,'PSY','203','CHILD DEVELOPMENT'),(647,1,'PSY','236','HUM BEH-SOC ENV'),(648,1,'BIO','103','HUMAN BIOLOGY'),(649,1,'BIO','106','Ecology'),(650,1,'BIO','107','INTRO HUMAN BIOL'),(651,1,'BIO','122','HUMAN NUTRITION'),(652,1,'MUS','211','IND VOCAL STUDY'),(653,1,'CIS','112','COMPUTER PROGRAMMING I'),(654,1,'CIS','112','IS ELECTIVE'),(655,1,'CIS','124','INFO SYSTEMS ELECTIVE'),(656,1,'CIS','133','IS ELECTIVE'),(657,1,'CIS','211','INFO SYSTEMS ELECTIVE'),(658,1,'DAP','123','INFO SYSTEMS ELECTIVE'),(659,1,'DAP','124','INFO SYSTEMS ELECTIVE'),(660,1,'DAP','212','INFO SYSTEMS ELECTIVE'),(661,1,'CIS','111','COMPUTER SYSTEMS & APPLICATION'),(662,1,'CIS','112','TECHNOLOGY FOR 21st CENTURY'),(663,1,'CIS','113','INFO TECH&SYS CONCEPTS'),(664,1,'CIS','114','COMP STUD CONC'),(665,1,'CIS','150','INFO TECHNOLOGY'),(666,1,'CIS','216','IT ELECTIVE'),(667,1,'CIS','216','Unix/Linux'),(668,1,'CIS','217','IT ELECTIVE'),(669,1,'CIS','218','IT  ELECTIVE'),(670,1,'CIS','226','IT ELECTIVE'),(671,1,'CIS','228','IT ELECTIVE'),(672,1,'CIS','235','IT ELECTIVE'),(673,1,'CIS','108','INFO+COMP LITERACY'),(674,1,'CIS','213','INFO+COMP LITERACY'),(675,1,'MAT','217','INT MATH REASON'),(676,1,'SPA','204','INTER SPAN II'),(677,1,'SPA','201','INTER SPANISH I'),(678,1,'SPA','203','INTER SPAN I'),(679,1,'SPA','202','INTER SPANISH II'),(680,1,'SPE','219','INTERCULT COMM'),(681,1,'ACC','221','INTERM ACCTING I'),(682,1,'MAT','110','INTERM ALGEBRA'),(683,1,'MAT','184','INTERM ALGEBRA'),(684,1,'ART','113','INTERM DRAWING'),(685,1,'FRE','201','INTERM FREN I'),(686,1,'FRE','202','INTERM FREN II'),(687,1,'GER','201','INTERM GERMAN I'),(688,1,'GER','202','INTERM GERMAN II'),(689,1,'ITL','201','INTERM ITAL I'),(690,1,'ITL','202','INTERM ITALIAN II'),(691,1,'ART','121','INTERM PAINTING'),(692,1,'ART','204','INTERM PAINTING'),(693,1,'ART','151','INTERM PHOTOGRAPH'),(694,1,'GOV','219','INTERNAT POLITICS'),(695,1,'POS','219','INTERNAT POLITICS'),(696,1,'ECO','224','INTERNATION ECON'),(697,1,'TEL','212','INTERNETWORKING I'),(698,1,'PAL','120','INTR LEG WRIT-RES'),(699,1,'CHE','116','INTR ORGAN CHEM'),(700,1,'BUS','100N','INTRO BUS & MGT'),(701,1,'BUS','104','INTRO BUS & MGT'),(702,1,'CHE','101','INTRO CHEMISTRY'),(703,1,'CHE','111','INTRO CHEMISTRY'),(704,1,'CHEM','111','INTRO CHEMISTRY'),(705,1,'PHS','114','INTRO CHEMISTRY'),(706,1,'AST','131','INTRO COSMOLOGY'),(707,1,'CRJ','141','INTRO CRIM JUST'),(708,1,'HMS','141','INTRO CRIM JUST'),(709,1,'SCS','141','INTRO CRIM JUST'),(710,1,'THE','105','INTRO DRAMA/PERFORM'),(711,1,'BIO','221','INTRO ENVIRON ISS'),(712,1,'PHS','103','INTRO ENVIRON ISS'),(713,1,'BUS','162','INTRO FASH INDUST'),(714,1,'PSY','101','INTRO PSYCHOLOGY'),(715,1,'PSY','111','INTRO PSYCHOLOGY'),(716,1,'PSY','111L','INTRO PSYCHOLOGY'),(717,1,'PSYC','101','INTRO PSYCHOLOGY'),(718,1,'PSYC','111','INTRO PSYCHOLOGY'),(719,1,'BHS','101','INTRO SOCIOLOGY'),(720,1,'BHS','203','INTRO SOCIOLOGY'),(721,1,'BHS','230','INTRO SOCIOLOGY'),(722,1,'SOC','101','INTRO SOCIOLOGY'),(723,1,'SOC','113','INTRO SOCIOLOGY'),(724,1,'SOC','203','INTRO SOCIOLOGY'),(725,1,'SOCI','101','INTRO SOCIOLOGY'),(726,1,'COM','101','COMM PRINCIPLES'),(727,1,'COM','101','Intro Comm Media'),(728,1,'DAN','101','INTRO TO DANCE'),(729,1,'PED','141','INTRO TO DANCE'),(730,1,'GOV','151','INTRO TO LAW'),(731,1,'PHI','107','INTRO TO LOGIC'),(732,1,'PHI','207','INTRO TO LOGIC'),(733,1,'PHY','107','INTRO TO LOGIC'),(734,1,'CPS','141','Intro Comp Sci Prog'),(735,1,'CPS','141','CMSC COURSE'),(736,1,'BHS','110','INTRO TO SOC WORK'),(737,1,'CHM','101','INTRO TO SOC WORK'),(738,1,'CMH','101','INTRO TO SOC WORK'),(739,1,'MA','102','INTRO-STATS'),(740,1,'MAT','118','INTRO-STATISTICS'),(741,1,'MATH','118','INTRO-STATISTICS'),(742,1,'MATH','130','INTRO-STATISTICS'),(743,1,'PSY','209','INTRO:PHYSIO PSYC'),(744,1,'BIO','203','INVERT ZOOLOGY'),(745,1,'SC','140','IS COURSE'),(746,1,'CIS','107','IS ELECTIVE'),(747,1,'CIS','107','CONDUCTING BUS ON THE INTERNET'),(748,1,'CIS','114','IS ELECTIVE'),(749,1,'CIS','909','IS ELECTIVE'),(750,1,'CIS','911','IS ELECTIVE'),(751,1,'DAP','111','IS ELECTIVE'),(752,1,'OFT','130','IS ELECTIVE'),(753,1,'ITL','208','ITALIAN COURSE'),(754,1,'ITL','273','ITALIAN ELECTIVE'),(755,1,'TEL','110','ITS COURSE'),(756,1,'TEL','210','ITS COURSE'),(757,1,'MUS','135','JAZZ AND SOUND'),(758,1,'CRJ','144','JUV JUST SYST'),(759,1,'BHS','262','JUVENILE DELINQ'),(760,1,'HMS','262','JUVENILE DELINQ'),(761,1,'SCS','262','JUVENILE DELINQ'),(762,1,'ECO','218','LABOR RELATIONS'),(763,1,'FRE','204','LANG & CULT I'),(764,1,'FRE','205','LANG & CULT II'),(765,1,'BUS','215','BUSINESS LAW I'),(766,1,'BUS','382N','LGL FOUND OF BUS'),(767,1,'MAT','215','LINEAR ALGERBRA'),(768,1,'PAR','206','Patient Assessment'),(769,1,'MGT','205','MANAG ORG BEHAV'),(770,1,'ACC','201','MANAGERIAL ACCTNG'),(771,1,'ACC','204','MANAGERIAL ACCTNG'),(772,1,'BUS','122','MANAGERIAL ACCTNG'),(773,1,'BUS','107','MARKET MANAGEMENT'),(774,1,'MAR','200','MARKET MANAGEMENT'),(775,1,'RET','101','MARKET MANAGEMENT'),(776,1,'BH','205','MARRIAGE & FAMILY'),(777,1,'BHS','205','MARRIAGE & FAMILY'),(778,1,'MAT','105','MATH COURSE'),(779,1,'MAT','107','MATH COURSE'),(780,1,'MAT','108','MATH COURSE'),(781,1,'MAT','116','MATH COURSE'),(782,1,'MAT','117','MATH COURSE'),(783,1,'MAT','128','MATH COURSE'),(784,1,'MAT','129','MATH COURSE'),(785,1,'MAT','131','MATH COURSE'),(786,1,'MAT','132','MATH COURSE'),(787,1,'MAT','904','MATH COURSE'),(788,1,'MATH','131','MATH COURSE'),(789,1,'MATH','132','MATH COURSE'),(790,1,'MATH','901L','MATH COURSE'),(791,1,'LAM','100','MATH ELECTIVE'),(792,1,'MAT','273','MATH ELECTIVE'),(793,1,'MATH','100','MATH ELECTIVE'),(794,1,'MTH','122','MATH ELECTIVE'),(795,1,'MLT','101','MED TECH ELECTIVE'),(796,1,'MLT','105','MED TECH ELECTIVE'),(797,1,'MLT','106','MED TECH ELECTIVE'),(798,1,'MLT','203','MED TECH ELECTIVE'),(799,1,'MLT','204','MED TECH ELECTIVE'),(800,1,'COM','220','MEDIA PERFORM TECH'),(801,1,'COM','246','American Cinema'),(802,1,'HIS','221','Medieval Europe 600-1500'),(803,1,'BIO','207','MICROBIOLOGY'),(804,1,'BIO','212','MICROBIOLOGY'),(805,1,'HIS','914','MODERN CHINA'),(806,1,'DAN','104','MODERN DANCE I'),(807,1,'PED','144','MODERN DANCE I'),(808,1,'ENG','208','MODERN DRAMA'),(809,1,'DAN','108','MUSIC COURSE'),(810,1,'DCAN','108','MUSIC COURSE'),(811,1,'MUS','100','MUSIC COURSE'),(812,1,'MUS','101','MUSIC COURSE'),(813,1,'MUS','132','MUSIC COURSE'),(814,1,'MUS','143','MUSIC COURSE'),(815,1,'MUS','144','MUSIC COURSE'),(816,1,'MUS','201','MATH COURSE'),(817,1,'MUS','202','MUSIC COURSE'),(818,1,'MUS','212','MUSIC COURSE'),(819,1,'MUS','222','MUSIC COURSE'),(820,1,'MUS','240','MUSIC COURSE'),(821,1,'MUS','243','MUSIC COURSE'),(822,1,'MUS','904N','Aural Skills I'),(823,1,'MUS','916','MUSIC COURSE'),(824,1,'MUS','118','MUSIC ELECTIVE'),(825,1,'MUS','131','MUSIC ELECTIVE'),(826,1,'MUS','133','MUSIC ELECTIVE'),(827,1,'MUS','134','MUSIC ELECTIVE'),(828,1,'MUS','151','MUSIC ELECTIVE'),(829,1,'MUS','152','MUSIC ELECTIVE'),(830,1,'MUS','161','MUSIC ELECTIVE'),(831,1,'MUS','162','MUSIC ELECTIVE'),(832,1,'MUS','219','MUSIC ELECTIVE'),(833,1,'MUS','237','MUSIC ELECTIVE'),(834,1,'MUS','261','MUSIC ELECTIVE'),(835,1,'MUS','273','MUSIC ELECTIVE'),(836,1,'MUS','800N','MUSIC ELECTIVE'),(837,1,'MUS','801N','MUSIC ELECTIVE'),(838,1,'MUS','803N','MUSIC ELECTIVE'),(839,1,'ACC','104','NON-TRANSFERABLE COURSE'),(840,1,'ACC','100','NON-TRANSFERABLE COURSE'),(841,1,'ACC','106','NON-TRANSFERABLE COURSE'),(842,1,'ACC','110','NON-TRANSFERABLE COURSE'),(843,1,'ACC','113','NON-TRANSFERABLE COURSE'),(844,1,'ACC','241','NON-TRANSFERABLE COURSE'),(845,1,'ACC','260','NON-TRANSFERABLE COURSE'),(846,1,'ACC','271','NON-TRANSFERABLE COURSE'),(847,1,'ACC','272','NON-TRANSFERABLE COURSE'),(848,1,'ACC','273','NON-TRANSFERABLE COURSE'),(849,1,'ARC','100','NON-TRANSFERABLE COURSE'),(850,1,'ARC','101','NON-TRANSFERABLE COURSE'),(851,1,'ARC','103','NON-TRANSFERABLE COURSE'),(852,1,'ARC','104','NON-TRANSFERABLE COURSE'),(853,1,'ARC','105','NON-TRANSFERABLE COURSE'),(854,1,'ARC','106','NON-TRANSFERABLE COURSE'),(855,1,'ARC','107','NON-TRANSFERABLE COURSE'),(856,1,'ARC','108','NON-TRANSFERABLE COURSE'),(857,1,'ARC','109','NON-TRANSFERABLE COURSE'),(858,1,'ARC','110','NON-TRANSFERABLE COURSE'),(859,1,'ARC','113','NON-TRANSFERABLE COURSE'),(860,1,'ARC','122','NON-TRANSFERABLE COURSE'),(861,1,'ARC','123','NON-TRANSFERABLE COURSE'),(862,1,'ARC','203','NON-TRANSFERABLE COURSE'),(863,1,'ARC','205','NON-TRANSFERABLE COURSE'),(864,1,'ARC','206','NON-TRANSFERABLE COURSE'),(865,1,'ARC','207','NON-TRANSFERABLE COURSE'),(866,1,'ARC','208','NON-TRANSFERABLE COURSE'),(867,1,'ARC','210','NON-TRANSFERABLE COURSE'),(868,1,'ARC','211','NON-TRANSFERABLE COURSE'),(869,1,'ARC','214','NON-TRANSFERABLE COURSE'),(870,1,'ARC','216','NON-TRANSFERABLE COURSE'),(871,1,'ARC','271','NON-TRANSFERABLE COURSE'),(872,1,'ARC','272','NON-TRANSFERABLE COURSE'),(873,1,'ARC','273','NON-TRANSFERABLE COURSE'),(874,1,'BIO','30','NON-TRANSFERABLE COURSE'),(875,1,'BUS','100','NON-TRANSFERABLE COURSE'),(876,1,'BUS','101','NON-TRANSFERABLE COURSE'),(877,1,'BUS','103','NON-TRANSFERABLE COURSE'),(878,1,'BUS','141','NON-TRANSFERABLE COURSE'),(879,1,'BUS','243','NON-TRANSFERABLE COURSE'),(880,1,'BUS','255','NON-TRANSFERABLE COURSE'),(881,1,'BUS','909','NON-TRANSFERABLE COURSE'),(882,1,'CAD','102','NON-TRANSFERABLE COURSE'),(883,1,'CAD','103','NON-TRANSFERABLE COURSE'),(884,1,'CAD','104','NON-TRANSFERABLE COURSE'),(885,1,'CAD','206','NON-TRANSFERABLE COURSE'),(886,1,'CAD','271','NON-TRANSFERABLE COURSE'),(887,1,'CAD','272','NON-TRANSFERABLE COURSE'),(888,1,'CAD','273','NON-TRANSFERABLE COURSE'),(889,1,'CDC','103','NON-TRANSFERABLE COURSE'),(890,1,'CDC','104','NON-TRANSFERABLE COURSE'),(891,1,'CDC','203','NON-TRANSFERABLE COURSE'),(892,1,'CDC','204','NON-TRANSFERABLE COURSE'),(893,1,'CHC','101','NON-TRANSFERABLE COURSE'),(894,1,'CHC','102','NONTRANSFERABLE COURSE'),(895,1,'CHC','103','NONTRANSFERABLE COURSE'),(896,1,'CHC','104','NONTRANSFERABLE COURSE'),(897,1,'CHC','201','NON-TRANSFERABLE COURSE'),(898,1,'CHC','202','NON-TRANSFERABLE COURSE'),(899,1,'CHC','203','NONTRANSFERABLE COURSE'),(900,1,'CHC','204','NON-TRANSFERABLE COURSE'),(901,1,'CHC','206','NON-TRANSFERABLE COURSE'),(902,1,'CHC','901','NON-TRANSFERABLE COURSE'),(903,1,'CIS','12','NON-TRANSFERABLE COURSE'),(904,1,'CIS','260','NON-TRANSFERABLE COURSE'),(905,1,'CIS','261','NON-TRANSFERABLE COURSE'),(906,1,'CIS','271','NON-TRANSFERABLE COURSE'),(907,1,'CIS','272','NON-TRANSFERABLE COURSE'),(908,1,'CIS','273','NON-TRANSFERABLE COURSE'),(909,1,'CRJ','101','NON-TRANSFERABLE COURSE'),(910,1,'CRJ','107','NON-TRANSFERABLE COURSE'),(911,1,'CRJ','271','NON-TRANSFERABLE COURSE'),(912,1,'CSM','90','NON-TRANSFERABLE COURSE'),(913,1,'CSM','93','NON-TRANSFERABLE COURSE'),(914,1,'CSM','94','NON-TRANSFERABLE COURSE'),(915,1,'CSS','71','NON-TRANSFERABLE COURSE'),(916,1,'CSS','72','NON-TRANSFERABLE COURSE'),(917,1,'CSS','73','NON-TRANSFERABLE COURSE'),(918,1,'CSS','95','NON-TRANSFERABLE COURSE'),(919,1,'CSS','97','NON-TRANSFERABLE COURSE'),(920,1,'DAC','101','NON-TRANSFERABLE COURSE'),(921,1,'DAC','102','NON-TRANSFERABLE COURSE'),(922,1,'DAC','201','NON-TRANSFERABLE COURSE'),(923,1,'DAC','202','NON-TRANSFERABLE COURSE'),(924,1,'DAC','203','NON-TRANSFERABLE COURSE'),(925,1,'DAC','204','NON-TRANSFERABLE COURSE'),(926,1,'DAP','802','NON-TRANSFERABLE COURSE'),(927,1,'DTN','101','NON-TRANSFERABLE COURSE'),(928,1,'DTN','103','NON-TRANSFERABLE'),(929,1,'DTN','205','NON-TRANSFERABLE'),(930,1,'ECH','103','NON-TRANSFERABLE COURSE'),(931,1,'ECH','104','NON-TRANSFERABLE COURSE'),(932,1,'ECH','106','NON-TRANSFERABLE COURSE'),(933,1,'ECH','120','NON-TRANSFERABLE COURSE'),(934,1,'ECH','121','NON-TRANSFERABLE COURSE'),(935,1,'ECH','203','NON-TRANSFERABLE COURSE'),(936,1,'ECH','204','NON-TRANSFERABLE COURSE'),(937,1,'ECH','211','NON-TRANSFERABLE COURSE'),(938,1,'ECO','221','NON-TRANSFERABLE COURSE'),(939,1,'ECO','271','NON-TRANSFERABLE COURSE'),(940,1,'ECO','272','NON-TRANSFERABLE COURSE'),(941,1,'ECO','273','NON-TRANSFERABLE COURSE'),(942,1,'ELT','207','NON-TRANSFERABLE COURSE'),(943,1,'ELT','209','NON-TRANSFERABLE COURSE'),(944,1,'ENG','1','NON-TRANSFERABLE COURSE'),(945,1,'ENG','2','NON-TRANSFERABLE COURSE'),(946,1,'ENG','91','NON-TRANSFERABLE COURSE'),(947,1,'ENG','92','NON-TRANSFERABLE COURSE'),(948,1,'ENG','95','NON-TRANSFERABLE COURSE'),(949,1,'ENG','96','NON-TRANSFERABLE COURSE'),(950,1,'ENR','100','NON-TRANSFERABLE COURSE'),(951,1,'ENR','215','NON-TRANSFERABLE COURSE'),(952,1,'ENT','106','NON-TRANSFERABLE'),(953,1,'ENT','907','NON-TRANSFERABLE COURSE'),(954,1,'HIS','2','NON-TRANSFERABLE COURSE'),(955,1,'HIS','4','NON-TRANSFERABLE COURSE'),(956,1,'HMS','111','NON-TRANSFERABLE COURSE'),(957,1,'HTM','110','NON-TRANSFERABLE COURSE'),(958,1,'HTM','201','NON-TRANSFERABLE COURSE'),(959,1,'HTM','202','NON-TRANSFERABLE COURSE'),(960,1,'HTM','210','NON-TRANSFERABLE COURSE'),(961,1,'HTM','271','NON-TRANSFERABLE COURSE'),(962,1,'HTM','272','NON-TRANSFERABLE COURSE'),(963,1,'HTM','273','NON-TRANSFERABLE COURSE'),(964,1,'MAT','91','NON-TRANSFERABLE COURSE'),(965,1,'MAT','100','NON-TRANSFERABLE COURSE'),(966,1,'MLT','5','NON-TRANSFERABLE COURSE'),(967,1,'MLT','207','NON-TRANSFERABLE COURSE'),(968,1,'MLT','208','NON-TRANSFERABLE COURSE'),(969,1,'MSO','102','NON-TRANSFERABLE COURSE'),(970,1,'NED','103','NON-TRANSFERABLE COURSE'),(971,1,'NUR','99','NON-TRANSFERABLE COURSE'),(972,1,'NUR','271','NON-TRANSFERABLE COURSE'),(973,1,'NUR','272','NON-TRANSFERABLE COURSE'),(974,1,'NUR','273','NON-TRANSFERABLE COURSE'),(975,1,'OFT','100','NON-TRANSFERABLE COURSE'),(976,1,'OFT','101','NON-TRANSFERABLE COURSE'),(977,1,'OFT','102','NON-TRANSFERABLE COURSE'),(978,1,'OFT','109','NON-TRANSFERABLE'),(979,1,'OFT','202','NON-TRANSFERABLE COURSE'),(980,1,'OFT','215','NON-TRANSFERABLE COURSE'),(981,1,'OFT','240','NON-TRANSFERABLE COURSE'),(982,1,'PDC','101','NON-TRANSFERABLE COURSE'),(983,1,'PDC','102','NON-TRANSFERABLE COURSE'),(984,1,'REA','91','NON-TRANSFERABLE COURSE'),(985,1,'REA','271','NON-TRANSFERABLE COURSE'),(986,1,'REA','272','NON-TRANSFERABLE COURSE'),(987,1,'REA','273','NON-TRANSFERABLE COURSE'),(988,1,'RET','207','NON-TRANSFERABLE COURSE'),(989,1,'SCI','100','NON-TRANSFERABLE COURSE'),(990,1,'SCS','156','NON-TRANSFERABLE COURSE'),(991,1,'SCS','273','NON-TRANSFERABLE COURSE'),(992,1,'CIS','214','OBJ-ORNT PRG C++'),(993,1,'CIS','214L','OBJ ORNT PRG C++'),(994,1,'MUS','136','ORCHESTRA'),(995,1,'MUS','137','ORCHESTRA'),(996,1,'CHE','231LAB','ORG CHEM LAB'),(997,1,'CHEM','223','ORG CHEM LAB'),(998,1,'CHE','232','ORG CHEMISTRY II'),(999,1,'CHEM','222','ORG CHEM II'),(1000,1,'CHE','232L','ORG CHEM LAB'),(1001,1,'CHE','232','ORG CHEMISTRY II'),(1002,1,'CHE','231','ORGANIC CHEM I+LAB'),(1003,1,'CHEM','221','ORG CHEM I'),(1004,1,'CHEM','231','ORGANIC CHEM I'),(1005,1,'SPE','116','ORGANIZATION ELECTIVE'),(1006,1,'SPE','907','ORGANIZATION ELECTIVE'),(1007,1,'PAL','250','PARALEGAL COURSE'),(1008,1,'PAL','100','PARALEGAL ELECTIVE'),(1009,1,'PAL','110','PARALEGAL ELECTIVE'),(1010,1,'MLT','202','PARASITOLOGY'),(1011,1,'BYS','207','PHIL OF EDUCATION'),(1012,1,'PHI','201','PHILOSOPHY COURSE'),(1013,1,'PHI','201','PHILOSOPHY: PRIMARY ISSUES'),(1014,1,'BHS','245','PHILOSPHY COURSE'),(1015,1,'PHI','100','PHILOSPHY COURSE'),(1016,1,'PHI','105','PHILOSOPHY COURSE'),(1017,1,'PHI','201','PHILOSOPHY COURSE'),(1018,1,'PHI','201','PHILOSOPHY: PRIMARY ISSUES'),(1019,1,'PHI','202','PHILOSPHY COURSE'),(1020,1,'PHI','903','PHILOSOPHY COURSE'),(1021,1,'PHI','904','PHILOSPHY COURSE'),(1022,1,'ART','254','PHOTOJOURNALISM'),(1023,1,'DAN','106','PHED ED COURSE'),(1024,1,'DAN','107','PHED ELECTIVE'),(1025,1,'DAN','146','Performance & Applied Dance'),(1026,1,'DAN','147','PHYS ED ELECTIVE'),(1027,1,'DAN','246','PHYS ED ELECTIVE'),(1028,1,'DAN','247','PHYS ED ELECTIVE'),(1029,1,'DAN','901','Choreography & Composition'),(1030,1,'ESW','101','PHYS ED ELECTIVE'),(1031,1,'ESW','202','PHYS ED ELECTIVE'),(1032,1,'ESW','203','Personal Training Certificatio'),(1033,1,'HED','120','PHYS ED ELECTIVE'),(1034,1,'HED','121','PHYS ED ELECTIVE'),(1035,1,'HED','122','PHYS ED ELECTIVE'),(1036,1,'HED','123','PHYS ED ELECTIVE'),(1037,1,'HED','124','PHYS ED ELECTIVE'),(1038,1,'HED','125','PHYS ED ELECTIVE'),(1039,1,'HED','131','PHYS ED ELECTIVE'),(1040,1,'HED','133','PHYS ED ELECTIVE'),(1041,1,'HED','135','PHYS ED ELECTIVE'),(1042,1,'HED','201','PHYS ED ELECTIVE'),(1043,1,'HED','801','PHYS ED ELECTIVE'),(1044,1,'PED','101','PHYS ED ELECTIVE'),(1045,1,'PED','102','PHYS ED ELECTIVE'),(1046,1,'PED','104','PHYS ED ELECTIVE'),(1047,1,'PED','105','PHYS ED ELECTIVE'),(1048,1,'PED','106','PHYS ED ELECTIVE'),(1049,1,'PED','107','PHYS ED ELECTIVE'),(1050,1,'PED','111','PHYS ED ELECTIVE'),(1051,1,'PED','113','PHYS ED ELECTIVE'),(1052,1,'PED','114','PHYS ED COURSE'),(1053,1,'PED','115','PHYS ED ELECTIVE'),(1054,1,'PED','120','PHYS ED ELECTIVE'),(1055,1,'PED','121','PHYS ED ELECTIVE'),(1056,1,'PED','121L','PHYS ED ELECTIVE'),(1057,1,'PED','122','PHYS ED ELECTIVE'),(1058,1,'PED','125','PHYS ED ELECTIVE'),(1059,1,'PED','126','PHYS ED ELECTIVE'),(1060,1,'PED','127','PHYS ED ELECTIVE'),(1061,1,'PED','128','PHYS ED ELECTIVE'),(1062,1,'PED','129','PHYS ED ELECTIVE'),(1063,1,'PED','130','PHYS ED ELECTIVE'),(1064,1,'PED','134','PRINCIPLES OF ATHLETICS'),(1065,1,'PED','138','PHYS ED ELECTIVE'),(1066,1,'PED','140','PHYS ED ELECTIVE'),(1067,1,'PED','142','PHYS ED ELECTIVE'),(1068,1,'PED','143','PHYS ED ELECTIVE'),(1069,1,'PED','145','PHYS ED ELECTIVE'),(1070,1,'PED','146','PHYS ED ELECTIVE'),(1071,1,'PED','147','PHYS ED ELECTIVE'),(1072,1,'PED','162','PHYS ED ELECTIVE'),(1073,1,'PED','171','PHYS ED ELECTIVE'),(1074,1,'PED','181','PHYS ED ELECTIVE'),(1075,1,'PED','190','PHYS ED ELECTIVE'),(1076,1,'PED','191','PHYS ED ELECTIVE'),(1077,1,'PED','192','PHYS ED ELECTIVE'),(1078,1,'PED','193','PHYS ED ELECTIVE'),(1079,1,'PED','196','PHYS ED ELECTIVE'),(1080,1,'PED','197','PHYS ED ELECTIVE'),(1081,1,'PED','199','PHYS ED ELECTIVE'),(1082,1,'PED','201','PHYS ED ELECTIVE'),(1083,1,'PED','202','PHYS ED ELECTIVE'),(1084,1,'PED','205','PHYS ED ELECTIVE'),(1085,1,'PED','221','PHYS ED ELECTIVE'),(1086,1,'PED','223','PHYS ED ELECTIVE'),(1087,1,'PED','224','PHYS ED ELECTIVE'),(1088,1,'PED','246','PHYS ED ELECTIVE'),(1089,1,'PED','247','PHYS ED ELECTIVE'),(1090,1,'PED','271','PHYS ED ELECTIVE'),(1091,1,'PED','299','PHYS ED ELECTIVE'),(1092,1,'PED','904','PHYS ED ELECTIVE'),(1093,1,'PED','906','PHYS ED ELECTIVE'),(1094,1,'PHED','0803N','PHYS ED ELECTIVE'),(1095,1,'PHED','101','PHYS ED ELECTIVE'),(1096,1,'PHED','102','PHYS ED ELEVTIVE'),(1097,1,'PHED','801','PHYS ED ELECTIVE'),(1098,1,'PHED','801N','PHYS ED ELECTIVE'),(1099,1,'PHED','802N','PHYS ED ELECTIVE'),(1100,1,'REC','101','PHYS ED ELECTIVE'),(1101,1,'REC','102','PHYS ED ELECTIVE'),(1102,1,'WFE','101','PHYS ED COURSE'),(1103,1,'WFE','103','PHYS ED ELECTIVE'),(1104,1,'WVE','101','PHYS ED ELECTIVE'),(1105,1,'BHS','202','PHYSICAL ANTHROPOLOGY'),(1106,1,'AST','132','PHYSICS COURSE'),(1107,1,'PHY','102','PHYSICS COURSE'),(1108,1,'PHY','123','PHYSICS COURSE'),(1109,1,'PHY','131','PHYSICS COURSE'),(1110,1,'PHY','132','PHYSICS COURSE'),(1111,1,'PHY','904','PHYSICS COURSE'),(1112,1,'PHY','9041','PHYSICS COURSE'),(1113,1,'PHY','905','PHYSICS COURSE'),(1114,1,'PHS','115','Fundamentals of Electricity'),(1115,1,'PHY','903','PHYSICS ELECTIVE'),(1116,1,'PHY','904L','PHYSICS ELECTIVE'),(1117,1,'HED','123L','CONTEMP HEALTH'),(1118,1,'ENG','210','POETRY WORKSH'),(1119,1,'GOV','807','POL SCIENCE ELECTIVE'),(1120,1,'GOV','201','POLIT THOUGHT III'),(1121,1,'GOV','211','POLITICAL SCI COURSE'),(1122,1,'GOV','213','POLITICAL SCI COURSE'),(1123,1,'GOB','263','POLITICAL SCIENCE COURSE'),(1124,1,'GOB','2632','POLITICAL SCIENCE COURSE'),(1125,1,'GOV','222','State & Local Government'),(1126,1,'GOV','223','POLITICAL SCIENCE COURSE'),(1127,1,'GOV','263','POLITICAL SCIENCE COURSE'),(1128,1,'GOV','264','Natl Mod UN II'),(1129,1,'GOV','273','POLITICAL SCIENCE COURSE'),(1130,1,'GOV','805','POLITICAL SCIENCE COURSE'),(1131,1,'GOV','910','POLITICAL SCIENCE COURSE'),(1132,1,'LGLS','251','POLITICAL SCIENCE COURSE'),(1133,1,'MAT','115','PRE-CALCULUS'),(1134,1,'MAT','185','Precalculus'),(1135,1,'MAT','185','Precalculus'),(1136,1,'MAT','185','PRECALCULUS'),(1137,1,'MAT','185','PRECALCULUS'),(1138,1,'BUS','105','PRINC ADVERTISING'),(1139,1,'RET','106','PRINC RETAILING'),(1140,1,'ECO','102','PRINC MACROECONOM'),(1141,1,'ECO','202','PRINC MACROECONOM'),(1142,1,'ECO','202','PRINC MACROECONOM'),(1143,1,'ECO','202','PRINC MACROECONOM'),(1144,1,'ECO','202','PRINC MACROECONOM'),(1145,1,'ECO','215','PRINC MACROECONOM'),(1146,1,'ECOO','11','PRINC MACROECONOM'),(1147,1,'ECO','106','PRINC MICROECONOM'),(1148,1,'ECO','201','PRINC MICROECONOM'),(1149,1,'ECO','201','PRINC MICROECONOM'),(1150,1,'ECO','201','PRINC MICROECONOM'),(1151,1,'ECO','201','PRINC MICROECONOM'),(1152,1,'ECO','208','PRINC MICROECONOM'),(1153,1,'ECO','216','PRINC MICROECONOM'),(1154,1,'ECON','102L','PRINC MICROECONOM'),(1155,1,'ECON','201','PRINC MICROECONOM'),(1156,1,'ECOO','12','PRINC MICROECONOM'),(1157,1,'CIS','113','VISUAL BASIC PROG'),(1158,1,'PSY','114','PSY OF INTERP COM'),(1159,1,'PSY','124','PSY OF INTERP COM'),(1160,1,'PSY','134','PSY OF INTERP COM'),(1161,1,'PSYC','134','PSY OF INTERP COM'),(1162,1,'SCS','134','PSYCHOLOGY COURSE'),(1163,1,'PSY','204','PSYC OF THE ADOLSCT'),(1164,1,'PSY','210','PSYC BIO SEX DIF'),(1165,1,'PSY','901','PSYCH OF RETARDTN'),(1166,1,'HMS','134','PSYC COURSE'),(1167,1,'PSYC','102','PSYCHOLOGY COURSE'),(1168,1,'PSYC','102','PSYCHOLOGY COURSE'),(1169,1,'PSYC','202','SOC SERV THEO/PRA'),(1170,1,'PSYC','202','SOC SERV THEO/PRA'),(1171,1,'SCS','121','PSYC COURSE'),(1172,1,'SCS','122','PSYC COURSE'),(1173,1,'38','255','PSYCHOLOGY COURSE'),(1174,1,'HED','224','PSYCHOLOGY COURSE'),(1175,1,'HMS','102','PSYCHOLOGY COURSE'),(1176,1,'HMS','122','PSYCHOLOGY COURSE'),(1177,1,'PS','2060','PSYCHOLOGY COURSE'),(1178,1,'PSY','102','SOCIAL WORK ELECTIVE'),(1179,1,'PSY','102','PSYCHOLOGY COURSE'),(1180,1,'PSY','112','PSYCHOLOGY COURSE'),(1181,1,'PSYC','102','PSYCHOLOGY COURSE'),(1182,1,'PSYC','102','PSYCHOLOGY COURSE'),(1183,1,'PSYC','901L','PSYCHOLOGY COURSE'),(1184,1,'PSY','207','PSYCHOLOGY ELECTIVE'),(1185,1,'PSY','802','PSYCHOLOGY ELECTIVE'),(1186,1,'PSY','904','PSYCHOLOGY ELECTIVE'),(1187,1,'PSYC','207','PSYCHOLOGY ELECTIVE'),(1188,1,'PSYC','904','PSYC ELECTIVE'),(1189,1,'SPC','101','PUBLIC PRESENTAT.'),(1190,1,'SPE','10','PUBLIC PRESENTAT.'),(1191,1,'SPE','100','PUBLIC PRESENTAT.'),(1192,1,'SPE','101','PUBLIC PRESENTAT.'),(1193,1,'SPE','101L','PUBLIC PRESENTAT.'),(1194,1,'SPE','903','PUBLIC PRESENTAT.'),(1195,1,'BUS','131','REAL PROP & TITLE'),(1196,1,'BHS','210','RELIGIOUS STUDIES COURSE'),(1197,1,'ENG','207','RISE DEL ENG DRAM'),(1198,1,'CMSC','412L','ROBOTICS'),(1199,1,'HIS','207','RUSSIA TO 1850'),(1200,1,'BIO','916','SCIENCE COURSE'),(1201,1,'GEO','10','SCIENCE COURSE'),(1202,1,'GLG','121','SCIENCE COURSE'),(1203,1,'GLG','126','Environmental Geology'),(1204,1,'GLG','901','SCIENCE COURSE'),(1205,1,'PHS','101','SCIENCE COURSE'),(1206,1,'PHS','102','SCIENCE COURSE'),(1207,1,'PHS','105','SCIENCE COURSE'),(1208,1,'PHS','107','SCIENCE COURSE'),(1209,1,'PHS','111L','SCIENCE COURSE'),(1210,1,'PHS','112','SCIENCE COURSE'),(1211,1,'PHS','804','SCIENCE COURSE'),(1212,1,'PHS','901','SCIENCE COURSE'),(1213,1,'PHS','905','SCIENCE COURSE'),(1214,1,'PHS','906','SCIENCE COURSE'),(1215,1,'PHS','908','SCIENCE ELECTIVE'),(1216,1,'PHS','909','SCIENCE ELECTIVE'),(1217,1,'SCI','801L','SCIENCE ELECTIVE'),(1218,1,'SCI','901','SCIENCE ELECTIVE'),(1219,1,'COM','244','SCREENWRITING'),(1220,1,'COM','245','SCREENWRITING'),(1221,1,'COM','908','SCREENWRITING'),(1222,1,'COM','244','SCREENWRITING'),(1223,1,'CHEM','116','SELF NATURE-HIST'),(1224,1,'ENG','230','SHAKESPEARE'),(1225,1,'PED','170','SKIING'),(1226,1,'BUS','208','SMALL BUS MANAGMNT'),(1227,1,'CMH','201','SOC SERV THEO/PRA'),(1228,1,'PSY','102','SOCIAL WORK ELECTIVE'),(1229,1,'PSY','102','PSYCHOLOGY COURSE'),(1230,1,'PED','132','SOCCER'),(1231,1,'BHS','104','SOCIAL INEQUALITY'),(1232,1,'SOC','202','SOCIAL INEQUALITY'),(1233,1,'SOC','202','SOCIAL INEQUALITY'),(1234,1,'BH','103','SOCIAL PROBLEMS'),(1235,1,'BHS','102','SOCIAL PROBLEMS'),(1236,1,'BHS','103','SOCIAL PROBLEMS'),(1237,1,'BHS','103','SOCIAL PROBLEMS'),(1238,1,'BHS','103','SOCIAL PROBLEMS'),(1239,1,'BHS','103','SOCIAL PROBLEMS'),(1240,1,'BHS','103L','SOCIAL PROBLEMS'),(1241,1,'BS','103','SOCIAL PROBLEMS'),(1242,1,'PSY','205','SOCIAL PSYCHOLOGY'),(1243,1,'PSY','206','SOCIAL PSYCHOLOGY'),(1244,1,'BHS','912','SOCIAL WORK COURSE'),(1245,1,'CHM','103','SOCIAL WORK ELECTIVE'),(1246,1,'CHM','104','SOCIAL WORK ELECTIVE'),(1247,1,'CHM','273','SOCIAL WORK ELECTIVE'),(1248,1,'CMH','102','SOCIAL WORK ELECTIVE'),(1249,1,'CMH','103','SOCIAL WORK ELECTIVE'),(1250,1,'CMH','104','SOCIAL WORK ELECTIVE'),(1251,1,'CMH','104','SOCIAL WORK ELECTIVE'),(1252,1,'CMH','203','SOCIAL WORK ELECTIVE'),(1253,1,'CMH','204','SOCIAL WORK ELECTIVE'),(1254,1,'CMH','273','SOCIAL WORK ELECTIVE'),(1255,1,'PSY','102','SOCIAL WORK ELECTIVE'),(1256,1,'PSY','102','PSYCHOLOGY COURSE'),(1257,1,'PSY','202','SOCIAL WORK ELECTIVE'),(1258,1,'PSY','202','SOCIAL WORK ELECTIVE'),(1259,1,'PSY','202','SOCIAL WORK ELECTIVE'),(1260,1,'PSY','202','SOC SERV THEO/PRA'),(1261,1,'PSY','202','SOC SERV THEO/PRA'),(1262,1,'PSY','202','SOC SERV THEO/PRA'),(1263,1,'SOCW','801N','SOCIAL WORK ELECTIVE'),(1264,1,'SOCW','802L','SOCIAL WORK ELECTIVE'),(1265,1,'BHS','220','SOCIAL WORK ELECTIVE'),(1266,1,'BHS','221','SOCIAL WORK ELECTIVE'),(1267,1,'BHS','222','SOCIAL WORK ELECTIVE'),(1268,1,'BHS','208','SOCIOLOGY COURSE'),(1269,1,'BHS','212','SOCIOLOGY COURSE'),(1270,1,'BHS','216','SOCIOLOGY COURSE'),(1271,1,'BHS','805','SOCIOLOGY COURSE'),(1272,1,'BHS','913','SOCIOLOGY COURSE'),(1273,1,'INT','10','SOCIOLOGY COURSE'),(1274,1,'SOC','103','SOCIOLOGY COURSE'),(1275,1,'SOS','103','SOCIOLOGY COURSE'),(1276,1,'SOS','203','SOCIOLOGY COURSE'),(1277,1,'SOS','205','SOCIOLOGY COURSE'),(1278,1,'BHS','201','SOCIOLOGY ELECTIVE'),(1279,1,'BHS','273','SOCIOLOGY ELECTIVE'),(1280,1,'BHS','803','SOCIOLOGY ELECTIVE'),(1281,1,'BHS','806','SOCIOLOGY ELECTIVE'),(1282,1,'LSS','201','SOCIOLOGY ELECTIVE'),(1283,1,'BHS','209','SOCIOLOGY MINORIT'),(1284,1,'CIS','215','COMP SCI I'),(1285,1,'CIS','215','Internet Prog Java'),(1286,1,'CPS','231','Data Structures'),(1287,1,'CPS','231','COMPUTER SCI I'),(1288,1,'SPA','320','SPAN-HISPANICS I'),(1289,1,'SPA','199','SPANISH COURSE'),(1290,1,'SPA','208','SPANISH COURSE'),(1291,1,'SPA','901','SPANISH COURSE'),(1292,1,'SPA','999','SPANISH COURSE'),(1293,1,'SPA','273','SPANISH ELECTIVE'),(1294,1,'COL','100','STUDY SKILL ELECT'),(1295,1,'LSS','101','STUDY SKILL ELECT'),(1296,1,'SPE','115','STUDY SKILL ELECT'),(1297,1,'CIS','212','SYSTEMS ANALYSIS & DESIGN'),(1298,1,'CIS','212','SYS ANALYSIS METH'),(1299,1,'MAT','107','MATH COURSE'),(1300,1,'MAT','107','MATH COURSE'),(1301,1,'ENG','217','TECH-PROF WRITE'),(1302,1,'CIS','212','SYSTEMS ANALYSIS & DESIGN'),(1303,1,'CIS','212','SYS ANALYSIS METH'),(1304,1,'CIS','111','COMPUTER SYSTEMS & APPLICATION'),(1305,1,'CIS','111','TECHNOLOGY FOR 21st CENTURY'),(1306,1,'CIS','111','INFO TECH&SYS CONCEPTS'),(1307,1,'CIS','111','COMP STUD CONC'),(1308,1,'PED','124','TENNIS'),(1309,1,'PSY','235','THE EXCEPT CHILD'),(1310,1,'THE','161','THEATRE PRACTICUM'),(1311,1,'THE','261','THEATRE WORKSHOP'),(1312,1,'HIS','102','THEMES IN MOD HIST'),(1313,1,'HIS','108','THEMES IN MOD HIST'),(1314,1,'HIST','108','THEMES IN MOD HIST'),(1315,1,'ENG','230','SHAKESPEARE'),(1316,1,'BUS','115','THEORY OF MUSIC I'),(1317,1,'MUS','104','INTRO MUSIC THEORY'),(1318,1,'MUS','115','THEORY OF MUSIC I'),(1319,1,'MUS','116','THRY OF MUSIC II'),(1320,1,'DTN','102','TOPICS IN NUTRITION'),(1321,1,'HIS','217','TRADITIONAL CHINA'),(1322,1,'COM','110','VIDEO PRODUCTION'),(1323,1,'COM','110','TV PRODUCTION'),(1324,1,'COM','249','TV PRODUCTION'),(1325,1,'CIS','126','UNIX'),(1326,1,'CIS','126','UNIX/LINUX'),(1327,1,'CIS','126','UNIX/LINUX'),(1328,1,'CIS','126','UNIX'),(1329,1,'CRJ','265','US COURTS'),(1330,1,'COM','110','VIDEO PRODUCTION'),(1331,1,'COM','110','TV PRODUCTION'),(1332,1,'RET','204','VISUAL MERCH'),(1333,1,'MUS','210','VOICE STUDY II'),(1334,1,'PHS','111','WEATHER AND CLIMATE'),(1335,1,'PHS','111','WEATHER AND CLIMATE'),(1336,1,'PHS','111','WEATHER AND CLIMATE'),(1337,1,'PHS','111','WEATHER AND CLIMATE'),(1338,1,'PAL','220','WILLS TRUSTS ESTA'),(1339,1,'BUS','112','WORDPROCESSING'),(1340,1,'OFT','108','WORD PROCESSING'),(1341,1,'OFT','231','WORDPROCESSING'),(1342,1,'ENG','209','WORKSHOP FICTION'),(1343,1,'ENG','309','WORKSHOP FICTION'),(1344,1,'PHI','203','WORLD RELIGIONS'),(1345,1,'PHIL','203','WORLD RELIGIONS'),(1346,1,'PHS','203','WORLD RELIGIONS'),(1347,1,'PHI','204','WORLD VIEW VALUES'),(1348,1,'ENG','102','WRITING FOR COLLEGE'),(1349,1,'ENG','102','COLL WRITING II'),(1350,1,'COM','120','INTRO MEDIA WRITING'),(1351,1,'COM','120','WRIT FOR MEDIA'),(1352,1,'COM','120','WRIT FOR MEDIA'),(1353,1,'COM','120','INTRO MEDIA WRITING');
/*!40000 ALTER TABLE `school_courses` ENABLE KEYS */;
UNLOCK TABLES;

--
-- Table structure for table `schools`
--

DROP TABLE IF EXISTS `schools`;
/*!40101 SET @saved_cs_client     = @@character_set_client */;
/*!40101 SET character_set_client = utf8 */;
CREATE TABLE `schools` (
  `school_id` int(11) NOT NULL AUTO_INCREMENT,
  `school_name` varchar(255) DEFAULT NULL,
  `state_id` int(11) DEFAULT NULL,
  PRIMARY KEY (`school_id`),
  KEY `state_id` (`state_id`),
  CONSTRAINT `schools_ibfk_1` FOREIGN KEY (`state_id`) REFERENCES `states` (`stateId`)
) ENGINE=InnoDB AUTO_INCREMENT=2 DEFAULT CHARSET=latin1;
/*!40101 SET character_set_client = @saved_cs_client */;

--
-- Dumping data for table `schools`
--

LOCK TABLES `schools` WRITE;
/*!40000 ALTER TABLE `schools` DISABLE KEYS */;
INSERT INTO `schools` VALUES (1,'Dutchess Community College',32);
/*!40000 ALTER TABLE `schools` ENABLE KEYS */;
UNLOCK TABLES;

--
-- Table structure for table `states`
--

DROP TABLE IF EXISTS `states`;
/*!40101 SET @saved_cs_client     = @@character_set_client */;
/*!40101 SET character_set_client = utf8 */;
CREATE TABLE `states` (
  `stateId` int(11) NOT NULL,
  `state_name` varchar(255) DEFAULT NULL,
  PRIMARY KEY (`stateId`)
) ENGINE=InnoDB DEFAULT CHARSET=latin1;
/*!40101 SET character_set_client = @saved_cs_client */;

--
-- Dumping data for table `states`
--

LOCK TABLES `states` WRITE;
/*!40000 ALTER TABLE `states` DISABLE KEYS */;
INSERT INTO `states` VALUES (1,'Alabama'),(2,'Alaska'),(3,'Arizona'),(4,'Arkansas'),(5,'California'),(6,'Colorado'),(7,'Connecticut'),(8,'Delaware'),(9,'Florida'),(10,'Georgia'),(11,'Hawaii'),(12,'Idaho'),(13,'Illinois'),(14,'Indiana'),(15,'Iowa'),(16,'Kansas'),(17,'Kentucky'),(18,'Louisiana'),(19,'Maine'),(20,'Maryland'),(21,'Massachusetts'),(22,'Michigan'),(23,'Minnesota'),(24,'Mississippi'),(25,'Missouri'),(26,'Montana'),(27,'Nebraska'),(28,'Nevada'),(29,'New Hampshire'),(30,'New Jersey'),(31,'New Mexico'),(32,'New York'),(33,'North Carolina'),(34,'North Dakota'),(35,'Ohio'),(36,'Oklahoma'),(37,'Oregon'),(38,'Pennsylvania'),(39,'Rhode Island'),(40,'South Carolina'),(41,'South Dakota'),(42,'Tennessee'),(43,'Texas'),(44,'Utah'),(45,'Vermont'),(46,'Virginia'),(47,'Washington'),(48,'West Virginia'),(49,'Wisconsin'),(50,'Wyoming');
/*!40000 ALTER TABLE `states` ENABLE KEYS */;
UNLOCK TABLES;

--
-- Table structure for table `students`
--

DROP TABLE IF EXISTS `students`;
/*!40101 SET @saved_cs_client     = @@character_set_client */;
/*!40101 SET character_set_client = utf8 */;
CREATE TABLE `students` (
  `sId` int(11) NOT NULL AUTO_INCREMENT,
  `email` varchar(255) DEFAULT NULL,
  `first_name` varchar(255) DEFAULT NULL,
  `last_name` varchar(255) DEFAULT NULL,
  PRIMARY KEY (`sId`),
  KEY `email` (`email`),
  CONSTRAINT `students_ibfk_1` FOREIGN KEY (`email`) REFERENCES `users` (`email`)
) ENGINE=InnoDB AUTO_INCREMENT=9 DEFAULT CHARSET=latin1;
/*!40101 SET character_set_client = @saved_cs_client */;

--
-- Dumping data for table `students`
--

LOCK TABLES `students` WRITE;
/*!40000 ALTER TABLE `students` DISABLE KEYS */;
INSERT INTO `students` VALUES (1,'student@marist.edu','juan','bancamper'),(2,'johndoe@m.edu','john','doe'),(3,'janedoe@m.edu','jane','doe'),(5,'','Array',''),(6,'abc@m.edu','j','b'),(7,'abd@marist.edu','abc','def'),(8,'abc@marist.edu','abc','def');
/*!40000 ALTER TABLE `students` ENABLE KEYS */;
UNLOCK TABLES;

--
-- Table structure for table `transferrable_courses`
--

DROP TABLE IF EXISTS `transferrable_courses`;
/*!40101 SET @saved_cs_client     = @@character_set_client */;
/*!40101 SET character_set_client = utf8 */;
CREATE TABLE `transferrable_courses` (
  `tId` int(11) NOT NULL AUTO_INCREMENT,
  `marist_course` int(11) DEFAULT NULL,
  `school_course` int(11) DEFAULT NULL,
  PRIMARY KEY (`tId`),
  KEY `marist_course` (`marist_course`),
  KEY `school_course` (`school_course`),
  CONSTRAINT `transferrable_courses_ibfk_1` FOREIGN KEY (`marist_course`) REFERENCES `marist_courses` (`mId`),
  CONSTRAINT `transferrable_courses_ibfk_2` FOREIGN KEY (`school_course`) REFERENCES `school_courses` (`cId`)
) ENGINE=InnoDB AUTO_INCREMENT=6766 DEFAULT CHARSET=latin1;
/*!40101 SET character_set_client = @saved_cs_client */;

--
-- Dumping data for table `transferrable_courses`
--

LOCK TABLES `transferrable_courses` WRITE;
/*!40000 ALTER TABLE `transferrable_courses` DISABLE KEYS */;
INSERT INTO `transferrable_courses` VALUES (5413,1,1),(5414,2,2),(5415,3,3),(5416,4,4),(5417,5,5),(5418,5,6),(5419,5,7),(5420,5,8),(5421,5,9),(5422,5,10),(5423,5,11),(5424,5,12),(5425,5,13),(5426,5,14),(5427,5,15),(5428,5,16),(5429,6,17),(5430,6,18),(5431,7,19),(5432,8,20),(5433,9,21),(5434,10,22),(5435,11,23),(5436,12,24),(5437,13,25),(5438,14,26),(5439,15,27),(5440,16,28),(5441,17,29),(5442,18,30),(5443,18,31),(5444,19,32),(5445,20,33),(5446,21,34),(5447,21,35),(5448,22,36),(5449,23,37),(5450,23,38),(5451,23,39),(5452,23,40),(5453,24,41),(5454,24,42),(5455,24,43),(5456,24,44),(5457,25,45),(5458,26,46),(5459,27,47),(5460,28,48),(5461,28,49),(5462,28,50),(5463,28,51),(5464,29,52),(5465,30,53),(5466,31,54),(5467,32,55),(5468,32,56),(5469,33,57),(5470,34,58),(5471,34,59),(5472,34,60),(5473,35,61),(5474,35,62),(5475,35,63),(5476,36,64),(5477,37,65),(5478,37,66),(5479,37,67),(5480,37,68),(5481,37,69),(5482,37,70),(5483,37,71),(5484,37,72),(5485,37,73),(5486,37,74),(5487,37,75),(5488,37,76),(5489,38,77),(5490,38,78),(5491,39,79),(5492,40,80),(5493,40,81),(5494,40,82),(5495,40,83),(5496,40,84),(5497,40,85),(5498,40,86),(5499,40,87),(5500,40,88),(5501,41,89),(5502,41,90),(5503,42,91),(5504,42,92),(5505,42,93),(5506,42,94),(5507,42,95),(5508,42,96),(5509,42,97),(5510,42,98),(5511,42,99),(5512,42,100),(5513,42,101),(5514,43,102),(5515,43,103),(5516,43,104),(5517,43,105),(5518,43,106),(5519,44,107),(5520,45,108),(5521,46,109),(5522,47,110),(5523,48,111),(5524,48,112),(5525,48,113),(5526,49,114),(5527,49,115),(5528,50,116),(5529,50,117),(5530,50,118),(5531,51,119),(5532,52,120),(5533,53,121),(5534,54,122),(5535,55,123),(5536,56,124),(5537,56,125),(5538,56,126),(5539,56,127),(5540,56,128),(5541,56,129),(5542,56,130),(5543,56,131),(5544,56,132),(5545,56,133),(5546,56,134),(5547,56,135),(5548,56,136),(5549,56,137),(5550,56,138),(5551,56,139),(5552,56,140),(5553,56,141),(5554,57,142),(5555,57,143),(5556,57,144),(5557,57,145),(5558,58,146),(5559,59,147),(5560,60,148),(5561,61,149),(5562,62,150),(5563,63,151),(5564,64,152),(5565,65,153),(5566,65,154),(5567,65,155),(5568,65,156),(5569,65,157),(5570,66,158),(5571,66,159),(5572,66,160),(5573,66,161),(5574,66,162),(5575,66,163),(5576,66,164),(5577,66,165),(5578,66,166),(5579,66,167),(5580,66,168),(5581,66,169),(5582,66,170),(5583,66,171),(5584,66,172),(5585,67,173),(5586,67,174),(5587,67,175),(5588,67,176),(5589,67,177),(5590,68,178),(5591,69,179),(5592,69,180),(5593,69,181),(5594,70,182),(5595,71,183),(5596,71,184),(5597,71,185),(5598,71,186),(5599,72,187),(5600,72,188),(5601,73,189),(5602,74,190),(5603,74,191),(5604,75,192),(5605,76,193),(5606,77,194),(5607,78,195),(5608,78,196),(5609,78,197),(5610,79,198),(5611,79,199),(5612,79,200),(5613,79,201),(5614,80,202),(5615,80,203),(5616,81,204),(5617,82,205),(5618,83,206),(5619,84,207),(5620,85,208),(5621,86,209),(5622,87,210),(5623,88,211),(5624,88,212),(5625,88,213),(5626,89,214),(5627,89,215),(5628,89,216),(5629,90,217),(5630,90,218),(5631,90,219),(5632,90,220),(5633,91,221),(5634,91,222),(5635,91,223),(5636,91,224),(5637,92,225),(5638,92,226),(5639,92,227),(5640,92,228),(5641,92,229),(5642,92,230),(5643,92,231),(5644,92,232),(5645,92,233),(5646,92,234),(5647,92,235),(5648,92,236),(5649,93,237),(5650,93,238),(5651,93,239),(5652,93,240),(5653,93,241),(5654,93,242),(5655,93,243),(5656,93,244),(5657,93,245),(5658,93,246),(5659,93,247),(5660,93,248),(5661,93,249),(5662,93,250),(5663,93,251),(5664,93,252),(5665,93,253),(5666,94,254),(5667,94,255),(5668,94,256),(5669,95,257),(5670,96,258),(5671,96,259),(5672,96,260),(5673,97,261),(5674,97,262),(5675,97,263),(5676,97,264),(5677,97,265),(5678,97,266),(5679,97,267),(5680,97,268),(5681,97,269),(5682,97,270),(5683,97,271),(5684,97,272),(5685,97,273),(5686,97,274),(5687,97,275),(5688,98,276),(5689,98,277),(5690,98,278),(5691,98,279),(5692,98,280),(5693,99,281),(5694,100,282),(5695,100,283),(5696,100,284),(5697,100,285),(5698,100,286),(5699,100,287),(5700,101,288),(5701,101,289),(5702,101,290),(5703,101,291),(5704,101,292),(5705,101,293),(5706,101,294),(5707,102,295),(5708,103,296),(5709,104,297),(5710,104,298),(5711,105,299),(5712,105,300),(5713,105,301),(5714,106,302),(5715,106,303),(5716,107,304),(5717,107,305),(5718,107,306),(5719,107,307),(5720,108,308),(5721,108,309),(5722,108,310),(5723,109,311),(5724,110,312),(5725,110,313),(5726,110,314),(5727,111,315),(5728,111,316),(5729,111,317),(5730,112,318),(5731,112,319),(5732,112,320),(5733,112,321),(5734,112,322),(5735,112,323),(5736,29,324),(5737,113,325),(5738,113,326),(5739,114,327),(5740,115,328),(5741,116,329),(5742,116,330),(5743,117,331),(5744,117,332),(5745,117,333),(5746,117,334),(5747,118,335),(5748,118,336),(5749,118,337),(5750,119,338),(5751,119,339),(5752,119,340),(5753,120,341),(5754,120,342),(5755,120,343),(5756,120,344),(5757,121,345),(5758,121,346),(5759,121,347),(5760,122,348),(5761,123,349),(5762,123,350),(5763,123,351),(5764,123,352),(5765,123,353),(5766,123,354),(5767,123,355),(5768,123,356),(5769,123,357),(5770,123,358),(5771,123,359),(5772,123,360),(5773,123,361),(5774,123,362),(5775,124,363),(5776,124,364),(5777,124,365),(5778,125,366),(5779,126,367),(5780,127,368),(5781,128,369),(5782,129,370),(5783,129,371),(5784,130,372),(5785,130,373),(5786,131,374),(5787,132,375),(5788,132,376),(5789,133,377),(5790,133,378),(5791,133,379),(5792,133,380),(5793,134,381),(5794,135,382),(5795,136,383),(5796,136,384),(5797,136,385),(5798,136,386),(5799,136,387),(5800,136,388),(5801,136,389),(5802,136,390),(5803,136,391),(5804,136,392),(5805,136,393),(5806,136,394),(5807,136,395),(5808,136,396),(5809,136,397),(5810,136,398),(5811,136,399),(5812,136,400),(5813,136,401),(5814,137,402),(5815,137,403),(5816,137,404),(5817,137,405),(5818,138,406),(5819,138,407),(5820,138,408),(5821,139,409),(5822,140,410),(5823,141,411),(5824,141,412),(5825,141,413),(5826,142,414),(5827,143,415),(5828,144,416),(5829,145,417),(5830,145,418),(5831,145,419),(5832,145,420),(5833,146,421),(5834,146,422),(5835,147,423),(5836,147,424),(5837,148,425),(5838,148,426),(5839,148,427),(5840,149,428),(5841,150,429),(5842,151,430),(5843,151,431),(5844,151,432),(5845,151,433),(5846,151,434),(5847,151,435),(5848,151,436),(5849,151,437),(5850,151,438),(5851,151,439),(5852,152,440),(5853,153,441),(5854,153,442),(5855,153,443),(5856,154,444),(5857,154,445),(5858,155,446),(5859,155,447),(5860,156,448),(5861,156,449),(5862,157,450),(5863,158,451),(5864,158,452),(5865,159,453),(5866,160,454),(5867,160,455),(5868,161,456),(5869,162,457),(5870,162,458),(5871,163,459),(5872,164,460),(5873,164,461),(5874,164,462),(5875,165,463),(5876,165,464),(5877,166,465),(5878,167,466),(5879,167,467),(5880,167,468),(5881,167,469),(5882,168,470),(5883,168,471),(5884,168,472),(5885,169,473),(5886,169,474),(5887,170,475),(5888,170,476),(5889,170,477),(5890,171,478),(5891,171,479),(5892,171,480),(5893,171,481),(5894,172,482),(5895,172,483),(5896,172,484),(5897,173,485),(5898,174,486),(5899,174,487),(5900,174,488),(5901,175,489),(5902,175,490),(5903,175,491),(5904,176,492),(5905,124,493),(5906,124,494),(5907,124,495),(5908,124,496),(5909,124,497),(5910,124,498),(5911,124,499),(5912,124,500),(5913,124,501),(5914,124,502),(5915,124,503),(5916,124,504),(5917,124,505),(5918,124,506),(5919,124,507),(5920,124,508),(5921,124,509),(5922,124,510),(5923,124,511),(5924,124,512),(5925,124,513),(5926,124,514),(5927,124,515),(5928,124,516),(5929,124,517),(5930,124,518),(5931,124,519),(5932,124,520),(5933,124,521),(5934,124,522),(5935,124,523),(5936,124,524),(5937,124,525),(5938,124,526),(5939,124,527),(5940,124,528),(5941,124,529),(5942,124,530),(5943,124,531),(5944,124,532),(5945,124,533),(5946,124,534),(5947,124,535),(5948,124,536),(5949,124,537),(5950,124,538),(5951,124,539),(5952,124,540),(5953,124,541),(5954,124,542),(5955,124,543),(5956,124,544),(5957,124,545),(5958,124,546),(5959,124,547),(5960,124,548),(5961,124,549),(5962,124,550),(5963,124,551),(5964,124,552),(5965,124,553),(5966,124,554),(5967,124,555),(5968,124,556),(5969,124,557),(5970,124,558),(5971,124,559),(5972,124,560),(5973,124,561),(5974,124,562),(5975,124,563),(5976,124,564),(5977,124,565),(5978,124,566),(5979,124,567),(5980,124,568),(5981,124,569),(5982,124,570),(5983,124,571),(5984,124,572),(5985,124,573),(5986,124,574),(5987,124,575),(5988,124,576),(5989,124,577),(5990,124,578),(5991,124,579),(5992,124,580),(5993,124,581),(5994,124,582),(5995,124,583),(5996,124,584),(5997,124,585),(5998,124,586),(5999,124,587),(6000,124,588),(6001,124,589),(6002,177,590),(6003,177,591),(6004,177,592),(6005,178,593),(6006,179,594),(6007,179,595),(6008,179,596),(6009,180,597),(6010,181,598),(6011,182,599),(6012,183,600),(6013,184,601),(6014,184,602),(6015,185,603),(6016,185,604),(6017,185,605),(6018,185,606),(6019,186,607),(6020,186,608),(6021,187,609),(6022,188,610),(6023,189,611),(6024,190,612),(6025,191,613),(6026,191,614),(6027,191,615),(6028,191,616),(6029,191,617),(6030,191,618),(6031,191,619),(6032,191,620),(6033,191,621),(6034,191,622),(6035,191,623),(6036,191,624),(6037,191,625),(6038,191,626),(6039,191,627),(6040,191,628),(6041,191,629),(6042,191,630),(6043,191,631),(6044,191,632),(6045,191,633),(6046,191,634),(6047,191,635),(6048,191,636),(6049,192,637),(6050,193,638),(6051,193,639),(6052,193,640),(6053,194,641),(6054,194,642),(6055,194,643),(6056,194,644),(6057,194,645),(6058,195,646),(6059,195,647),(6060,196,648),(6061,196,649),(6062,196,650),(6063,197,651),(6064,198,652),(6065,199,653),(6066,199,654),(6067,199,655),(6068,199,656),(6069,199,657),(6070,199,658),(6071,199,659),(6072,199,660),(6073,200,661),(6074,200,662),(6075,200,663),(6076,200,664),(6077,201,665),(6078,202,666),(6079,202,667),(6080,202,668),(6081,202,669),(6082,202,670),(6083,202,671),(6084,202,672),(6085,203,673),(6086,203,674),(6087,204,675),(6088,205,676),(6089,206,677),(6090,206,678),(6091,205,679),(6092,207,680),(6093,208,681),(6094,209,682),(6095,209,683),(6096,210,684),(6097,211,685),(6098,212,686),(6099,213,687),(6100,214,688),(6101,215,689),(6102,216,690),(6103,217,691),(6104,217,692),(6105,218,693),(6106,219,694),(6107,219,695),(6108,220,696),(6109,221,697),(6110,222,698),(6111,223,699),(6112,224,700),(6113,224,701),(6114,225,702),(6115,225,703),(6116,225,704),(6117,225,705),(6118,226,706),(6119,227,707),(6120,227,708),(6121,227,709),(6122,228,710),(6123,229,711),(6124,229,712),(6125,230,713),(6126,231,714),(6127,231,715),(6128,231,716),(6129,231,717),(6130,231,718),(6131,232,719),(6132,232,720),(6133,232,721),(6134,232,722),(6135,232,723),(6136,232,724),(6137,232,725),(6138,233,726),(6139,233,727),(6140,234,728),(6141,234,729),(6142,235,730),(6143,236,731),(6144,236,732),(6145,236,733),(6146,237,734),(6147,237,735),(6148,238,736),(6149,238,737),(6150,238,738),(6151,239,739),(6152,239,740),(6153,239,741),(6154,239,742),(6155,240,743),(6156,241,744),(6157,242,745),(6158,199,746),(6159,199,747),(6160,199,748),(6161,199,749),(6162,199,750),(6163,199,751),(6164,199,752),(6165,243,753),(6166,244,754),(6167,245,755),(6168,245,756),(6169,246,757),(6170,247,758),(6171,248,759),(6172,248,760),(6173,248,761),(6174,249,762),(6175,250,763),(6176,251,764),(6177,252,765),(6178,252,766),(6179,253,767),(6180,254,768),(6181,255,769),(6182,256,770),(6183,256,771),(6184,256,772),(6185,257,773),(6186,257,774),(6187,257,775),(6188,258,776),(6189,258,777),(6190,259,778),(6191,259,779),(6192,259,780),(6193,259,781),(6194,259,782),(6195,259,783),(6196,259,784),(6197,259,785),(6198,259,786),(6199,259,787),(6200,259,788),(6201,259,789),(6202,259,790),(6203,260,791),(6204,260,792),(6205,260,793),(6206,260,794),(6207,261,795),(6208,261,796),(6209,261,797),(6210,261,798),(6211,261,799),(6212,262,800),(6213,263,801),(6214,264,802),(6215,265,803),(6216,265,804),(6217,266,805),(6218,267,806),(6219,267,807),(6220,268,808),(6221,269,809),(6222,269,810),(6223,269,811),(6224,269,812),(6225,269,813),(6226,269,814),(6227,269,815),(6228,269,816),(6229,269,817),(6230,269,818),(6231,269,819),(6232,269,820),(6233,269,821),(6234,269,822),(6235,269,823),(6236,270,824),(6237,270,825),(6238,270,826),(6239,270,827),(6240,270,828),(6241,270,829),(6242,270,830),(6243,270,831),(6244,270,832),(6245,270,833),(6246,270,834),(6247,270,835),(6248,270,836),(6249,270,837),(6250,270,838),(6251,271,839),(6252,271,840),(6253,271,841),(6254,271,842),(6255,271,843),(6256,271,844),(6257,271,845),(6258,271,846),(6259,271,847),(6260,271,848),(6261,271,849),(6262,271,850),(6263,271,851),(6264,271,852),(6265,271,853),(6266,271,854),(6267,271,855),(6268,271,856),(6269,271,857),(6270,271,858),(6271,271,859),(6272,271,860),(6273,271,861),(6274,271,862),(6275,271,863),(6276,271,864),(6277,271,865),(6278,271,866),(6279,271,867),(6280,271,868),(6281,271,869),(6282,271,870),(6283,271,871),(6284,271,872),(6285,271,873),(6286,271,874),(6287,271,875),(6288,271,876),(6289,271,877),(6290,271,878),(6291,271,879),(6292,271,880),(6293,271,881),(6294,271,882),(6295,271,883),(6296,271,884),(6297,271,885),(6298,271,886),(6299,271,887),(6300,271,888),(6301,271,889),(6302,271,890),(6303,271,891),(6304,271,892),(6305,271,893),(6306,271,894),(6307,271,895),(6308,271,896),(6309,271,897),(6310,271,898),(6311,271,899),(6312,271,900),(6313,271,901),(6314,271,902),(6315,271,903),(6316,271,904),(6317,271,905),(6318,271,906),(6319,271,907),(6320,271,908),(6321,271,909),(6322,271,910),(6323,271,911),(6324,271,912),(6325,271,913),(6326,271,914),(6327,271,915),(6328,271,916),(6329,271,917),(6330,271,918),(6331,271,919),(6332,271,920),(6333,271,921),(6334,271,922),(6335,271,923),(6336,271,924),(6337,271,925),(6338,271,926),(6339,271,927),(6340,271,928),(6341,271,929),(6342,271,930),(6343,271,931),(6344,271,932),(6345,271,933),(6346,271,934),(6347,271,935),(6348,271,936),(6349,271,937),(6350,271,938),(6351,271,939),(6352,271,940),(6353,271,941),(6354,271,942),(6355,271,943),(6356,271,944),(6357,271,945),(6358,271,946),(6359,271,947),(6360,271,948),(6361,271,949),(6362,271,950),(6363,271,951),(6364,271,952),(6365,271,953),(6366,271,954),(6367,271,955),(6368,271,956),(6369,271,957),(6370,271,958),(6371,271,959),(6372,271,960),(6373,271,961),(6374,271,962),(6375,271,963),(6376,271,964),(6377,271,965),(6378,271,966),(6379,271,967),(6380,271,968),(6381,271,969),(6382,271,970),(6383,271,971),(6384,271,972),(6385,271,973),(6386,271,974),(6387,271,975),(6388,271,976),(6389,271,977),(6390,271,978),(6391,271,979),(6392,271,980),(6393,271,981),(6394,271,982),(6395,271,983),(6396,271,984),(6397,271,985),(6398,271,986),(6399,271,987),(6400,271,988),(6401,271,989),(6402,271,990),(6403,271,991),(6404,272,992),(6405,272,993),(6406,273,994),(6407,273,995),(6408,274,996),(6409,274,997),(6410,275,998),(6411,275,999),(6412,276,1000),(6413,276,1001),(6414,277,1002),(6415,277,1003),(6416,277,1004),(6417,278,1005),(6418,278,1006),(6419,279,1007),(6420,280,1008),(6421,280,1009),(6422,281,1010),(6423,282,1011),(6424,283,1012),(6425,283,1013),(6426,284,1014),(6427,284,1015),(6428,284,1016),(6429,284,1017),(6430,284,1018),(6431,284,1019),(6432,284,1020),(6433,284,1021),(6434,285,1022),(6435,286,1023),(6436,286,1024),(6437,286,1025),(6438,286,1026),(6439,286,1027),(6440,286,1028),(6441,286,1029),(6442,286,1030),(6443,286,1031),(6444,286,1032),(6445,286,1033),(6446,286,1034),(6447,286,1035),(6448,286,1036),(6449,286,1037),(6450,286,1038),(6451,286,1039),(6452,286,1040),(6453,286,1041),(6454,286,1042),(6455,286,1043),(6456,286,1044),(6457,286,1045),(6458,286,1046),(6459,286,1047),(6460,286,1048),(6461,286,1049),(6462,286,1050),(6463,286,1051),(6464,286,1052),(6465,286,1053),(6466,286,1054),(6467,286,1055),(6468,286,1056),(6469,286,1057),(6470,286,1058),(6471,286,1059),(6472,286,1060),(6473,286,1061),(6474,286,1062),(6475,286,1063),(6476,286,1064),(6477,286,1065),(6478,286,1066),(6479,286,1067),(6480,286,1068),(6481,286,1069),(6482,286,1070),(6483,286,1071),(6484,286,1072),(6485,286,1073),(6486,286,1074),(6487,286,1075),(6488,286,1076),(6489,286,1077),(6490,286,1078),(6491,286,1079),(6492,286,1080),(6493,286,1081),(6494,286,1082),(6495,286,1083),(6496,286,1084),(6497,286,1085),(6498,286,1086),(6499,286,1087),(6500,286,1088),(6501,286,1089),(6502,286,1090),(6503,286,1091),(6504,286,1092),(6505,286,1093),(6506,286,1094),(6507,286,1095),(6508,286,1096),(6509,286,1097),(6510,286,1098),(6511,286,1099),(6512,286,1100),(6513,286,1101),(6514,286,1102),(6515,286,1103),(6516,286,1104),(6517,287,1105),(6518,288,1106),(6519,288,1107),(6520,288,1108),(6521,288,1109),(6522,288,1110),(6523,288,1111),(6524,288,1112),(6525,288,1113),(6526,289,1114),(6527,289,1115),(6528,289,1116),(6529,290,1117),(6530,291,1118),(6531,292,1119),(6532,293,1120),(6533,294,1121),(6534,294,1122),(6535,294,1123),(6536,294,1124),(6537,294,1125),(6538,294,1126),(6539,294,1127),(6540,294,1128),(6541,294,1129),(6542,294,1130),(6543,294,1131),(6544,294,1132),(6545,295,1133),(6546,295,1134),(6547,295,1135),(6548,295,1136),(6549,295,1137),(6550,296,1138),(6551,297,1139),(6552,298,1140),(6553,298,1141),(6554,298,1142),(6555,298,1143),(6556,298,1144),(6557,298,1145),(6558,298,1146),(6559,299,1147),(6560,299,1148),(6561,299,1149),(6562,299,1150),(6563,299,1151),(6564,299,1152),(6565,299,1153),(6566,299,1154),(6567,299,1155),(6568,299,1156),(6569,300,1157),(6570,301,1158),(6571,301,1159),(6572,301,1160),(6573,301,1161),(6574,301,1162),(6575,302,1163),(6576,303,1164),(6577,304,1165),(6578,305,1166),(6579,305,1167),(6580,305,1168),(6581,305,1169),(6582,305,1170),(6583,305,1171),(6584,305,1172),(6585,305,1173),(6586,305,1174),(6587,305,1175),(6588,305,1176),(6589,305,1177),(6590,305,1178),(6591,305,1179),(6592,305,1180),(6593,305,1181),(6594,305,1182),(6595,305,1183),(6596,306,1184),(6597,306,1185),(6598,306,1186),(6599,306,1187),(6600,306,1188),(6601,307,1189),(6602,307,1190),(6603,307,1191),(6604,307,1192),(6605,307,1193),(6606,307,1194),(6607,308,1195),(6608,309,1196),(6609,310,1197),(6610,311,1198),(6611,312,1199),(6612,313,1200),(6613,313,1201),(6614,313,1202),(6615,313,1203),(6616,313,1204),(6617,313,1205),(6618,313,1206),(6619,313,1207),(6620,313,1208),(6621,313,1209),(6622,313,1210),(6623,313,1211),(6624,313,1212),(6625,313,1213),(6626,313,1214),(6627,314,1215),(6628,314,1216),(6629,314,1217),(6630,314,1218),(6631,315,1219),(6632,315,1220),(6633,315,1221),(6634,316,1222),(6635,317,1223),(6636,318,1224),(6637,319,1225),(6638,320,1226),(6639,321,1227),(6640,321,1228),(6641,321,1229),(6642,322,1230),(6643,323,1231),(6644,323,1232),(6645,323,1233),(6646,324,1234),(6647,324,1235),(6648,324,1236),(6649,324,1237),(6650,324,1238),(6651,324,1239),(6652,324,1240),(6653,324,1241),(6654,325,1242),(6655,325,1243),(6656,326,1244),(6657,327,1245),(6658,327,1246),(6659,327,1247),(6660,327,1248),(6661,327,1249),(6662,327,1250),(6663,327,1251),(6664,327,1252),(6665,327,1253),(6666,327,1254),(6667,327,1255),(6668,327,1256),(6669,327,1257),(6670,327,1258),(6671,327,1259),(6672,327,1260),(6673,327,1261),(6674,327,1262),(6675,327,1263),(6676,327,1264),(6677,327,1265),(6678,327,1266),(6679,327,1267),(6680,328,1268),(6681,328,1269),(6682,328,1270),(6683,328,1271),(6684,328,1272),(6685,328,1273),(6686,328,1274),(6687,328,1275),(6688,328,1276),(6689,328,1277),(6690,329,1278),(6691,329,1279),(6692,329,1280),(6693,329,1281),(6694,329,1282),(6695,330,1283),(6696,331,1284),(6697,331,1285),(6698,331,1286),(6699,331,1287),(6700,332,1288),(6701,333,1289),(6702,333,1290),(6703,333,1291),(6704,333,1292),(6705,334,1293),(6706,335,1294),(6707,335,1295),(6708,335,1296),(6709,336,1297),(6710,336,1298),(6711,337,1299),(6712,337,1300),(6713,338,1301),(6714,339,1302),(6715,339,1303),(6716,340,1304),(6717,340,1305),(6718,340,1306),(6719,340,1307),(6720,341,1308),(6721,342,1309),(6722,343,1310),(6723,344,1311),(6724,345,1312),(6725,345,1313),(6726,345,1314),(6727,346,1315),(6728,347,1316),(6729,347,1317),(6730,347,1318),(6731,348,1319),(6732,349,1320),(6733,350,1321),(6734,351,1322),(6735,351,1323),(6736,351,1324),(6737,352,1325),(6738,352,1326),(6739,352,1327),(6740,352,1328),(6741,353,1329),(6742,354,1330),(6743,354,1331),(6744,355,1332),(6745,356,1333),(6746,357,1334),(6747,357,1335),(6748,357,1336),(6749,357,1337),(6750,358,1338),(6751,359,1339),(6752,359,1340),(6753,359,1341),(6754,360,1342),(6755,360,1343),(6756,361,1344),(6757,361,1345),(6758,361,1346),(6759,362,1347),(6760,363,1348),(6761,363,1349),(6762,364,1350),(6763,364,1351),(6764,365,1352),(6765,365,1353);
/*!40000 ALTER TABLE `transferrable_courses` ENABLE KEYS */;
UNLOCK TABLES;

--
-- Table structure for table `users`
--

DROP TABLE IF EXISTS `users`;
/*!40101 SET @saved_cs_client     = @@character_set_client */;
/*!40101 SET character_set_client = utf8 */;
CREATE TABLE `users` (
  `email` varchar(255) NOT NULL,
  `username` varchar(255) DEFAULT NULL,
  `password` char(128) DEFAULT NULL,
  PRIMARY KEY (`email`)
) ENGINE=InnoDB DEFAULT CHARSET=latin1;
/*!40101 SET character_set_client = @saved_cs_client */;

--
-- Dumping data for table `users`
--

LOCK TABLES `users` WRITE;
/*!40000 ALTER TABLE `users` DISABLE KEYS */;
INSERT INTO `users` VALUES ('','',''),('abc@m.edu','abc','e1cc867e070565b17656702f48d54c483b3fb64fe4d2f0bb30b6c4ec84e4b8d51fe3cdebe2324e7dec3c82f6971d89b52a6c3beb8d5dda2b9b1a80ddc129d073'),('abc@marist.edu','abc','e1cc867e070565b17656702f48d54c483b3fb64fe4d2f0bb30b6c4ec84e4b8d51fe3cdebe2324e7dec3c82f6971d89b52a6c3beb8d5dda2b9b1a80ddc129d073'),('abd@marist.edu','abd','e1cc867e070565b17656702f48d54c483b3fb64fe4d2f0bb30b6c4ec84e4b8d51fe3cdebe2324e7dec3c82f6971d89b52a6c3beb8d5dda2b9b1a80ddc129d073'),('admin@marist.edu','admin','c7ad44cbad762a5da0a452f9e854fdc1e0e7a52a38015f23f3eab1d80b931dd472634dfac71cd34ebc35d16ab7fb8a90c81f975113d6c7538dc69dd8de9077ec'),('janedoe@m.edu','janedoe','e1cc867e070565b17656702f48d54c483b3fb64fe4d2f0bb30b6c4ec84e4b8d51fe3cdebe2324e7dec3c82f6971d89b52a6c3beb8d5dda2b9b1a80ddc129d073'),('johndoe@m.edu','johndoe','e1cc867e070565b17656702f48d54c483b3fb64fe4d2f0bb30b6c4ec84e4b8d51fe3cdebe2324e7dec3c82f6971d89b52a6c3beb8d5dda2b9b1a80ddc129d073'),('student@marist.edu','bancaj','32ade5e7c36fa329ea39dbc352743db40da5aa7460ec55f95b999d6371ad20170094d88d9296643f192e9d5433b8d6d817d6777632e556e96e58f741dc5b3550');
/*!40000 ALTER TABLE `users` ENABLE KEYS */;
UNLOCK TABLES;
/*!40103 SET TIME_ZONE=@OLD_TIME_ZONE */;

/*!40101 SET SQL_MODE=@OLD_SQL_MODE */;
/*!40014 SET FOREIGN_KEY_CHECKS=@OLD_FOREIGN_KEY_CHECKS */;
/*!40014 SET UNIQUE_CHECKS=@OLD_UNIQUE_CHECKS */;
/*!40101 SET CHARACTER_SET_CLIENT=@OLD_CHARACTER_SET_CLIENT */;
/*!40101 SET CHARACTER_SET_RESULTS=@OLD_CHARACTER_SET_RESULTS */;
/*!40101 SET COLLATION_CONNECTION=@OLD_COLLATION_CONNECTION */;
/*!40111 SET SQL_NOTES=@OLD_SQL_NOTES */;

-- Dump completed on 2015-12-14 16:19:42
